0ATH,OATH OF OFFICE
0GM/LEASE,OGM LEASE
1ST ASST,OATH OF OFFICE
2ND AMEND/MTG/AGREE,MORTGAGE
2ND AMEND/MTG/ASGN,MORTGAGE
2ND ASSO,OATH OF OFFICE
2ND ASST,OATH OF OFFICE
2ND AST,OATH OF OFFICE
3 RD AMD/MTG/ASGN/AGREE,MORTGAGE
3/EXT,MORTGAGE
3RD,MORTGAGE
3RD AMD/MTG/ASGN,MORTGAGE
3RD AMENMENT MTG/PLDGE/ASGN,MORTGAGE
4/EXT,MORTGAGE
6 AMD,AMENDMENT
A,AMENDMENT
A/,AMENDMENT
A/&AMD,AMENDMENT
A//C,CORRECTION
A/AGR,AGREEMENT
A/AGREE,AGREEMENT
A/ASG,ASSIGNMENT
A/C,CORRECTION
A/C  AMEND,CORRECTION
A/C ASGN,CORRECTION
A/C CPS,CORRECTION
A/C DEED,CORRECTION
A/C MTG,CORRECTION
A/C OGM,CORRECTION
A/C/ASG,CORRECTION
A/C0RR,CORRECTION
A/C-ASG,CORRECTION
A/CONTRIBU,CORRECTION
A/CORR,CORRECTION
A/CORR/AMD,CORRECTION
A/CORR/ASGN,CORRECTION
A/CORR/RDP,CORRECTION
A/CORR/SALE,CORRECTION
A/CORRECTION,CORRECTION
A/CRS,CREDIT SALE
A/D,ASSUMPTION
A/D &,ASSUMPTION
A/D AMTZ,ASSUMPTION
A/D CPS,PARTITION
A/D CRS,CREDIT SALE
A/D EHD,ASSUMPTION
A/D PLAT,ASSUMPTION
A/D RSL,ASSUMPTION
A/D SALE,ASSUMPTION
A/D-&MTG,ASSUMPTION
A/D/PLAT,ASSUMPTION
A/D/RSL,ASSUMPTION
A/D-CRS,ASSUMPTION
A/D-DON,ASSUMPTION
A/DEED,ASSUMPTION
A/DON,DONATION  
A/D-PLAT,ASSUMPTION
A/D-SALE,ASSUMPTION
A/I,AMENDMENT
A/J/POSS,JUDGMENT OF POSSESSION
A/J-POSS,JUDGMENT OF POSSESSION
A/JUDG,JUDGMENT  
A/L,LEASE
A/L &,LEASE
A/MIN,OGM FILING 
A/MTG,MORTGAGE
A/MTGS,MORTGAGE
A/N,NOTICE
A/NOTE,NOTE
A/OGL,OGM FILING 
A/PART,PARTITION
A/QCD,QUIT CLAIM
A/R,RATIFICATION
A/SALE,ASSUMPTION
A/W,ASSIGNMENT
A/WAGES,ASSIGNMENT
AAG/OGM,OGM FILING 
ABAN-,ABANDONMENT
ABAND,ABANDONMENT
ABAND-,ABANDONMENT
ABANDON,ABANDONMENT
ABANDOND,ABANDONMENT
ABANDONMENT,ABANDONMENT
ABONDON,ABANDONMENT
ABRY/AGR,LEASE
ABS-,SUPPLEMENTAL
ABSTR,SUPPLEMENTAL
ABSTRACT,NOTICE
AC/LSE,LEASE
ACA,CORRECTION
ACCEP,ACCEPTANCE
ACCEPT,ACCEPTANCE
ACCEPT/AGR,ACCEPTANCE
ACCEPTANCE,ACCEPTANCE
ACCEPTANCE OF DONATION,ACCEPTANCE
ACCEPTANCE/DONATION,ACCEPTANCE
ACCPT,ACCEPTANCE
ACC-REC,ACCEPTANCE
ACCTS,ASSIGNMENT
ACK,ACKNOWLEDGMENT
ACK AGR,ACKNOWLEDGMENT
ACK AOC,ACKNOWLEDGMENT
ACK O/R,ACKNOWLEDGMENT
ACK OGM,ACKNOWLEDGMENT
ACK REL,ACKNOWLEDGMENT
ACK/AFT,ACKNOWLEDGMENT
ACK/AMD,ACKNOWLEDGMENT
ACK/AMEND,ACKNOWLEDGMENT
ACK/BOUNDA,ACKNOWLEDGMENT
ACK/COR,ACKNOWLEDGMENT
ACK/CRS,ACKNOWLEDGMENT
ACK/MENT,ACKNOWLEDGMENT
ACK/MTG,ACKNOWLEDGMENT
ACK/NAME,ACKNOWLEDGMENT
ACK/OGM,ACKNOWLEDGMENT
ACK/PAT,ACKNOWLEDGMENT
ACK/QCD,ACKNOWLEDGMENT
ACK/RAT,ACKNOWLEDGMENT
ACK/S,ACKNOWLEDGMENT
ACKLDG,ACKNOWLEDGMENT
ACKN,ACKNOWLEDGMENT
ACKNLD,ACKNOWLEDGMENT
ACKNOW,ACKNOWLEDGMENT
ACKNOWLE,ACKNOWLEDGMENT
ACKNOWLEDE,ACKNOWLEDGMENT
ACKNOWLEDG,ACKNOWLEDGMENT
ACKNOWLEDGMENT,ACKNOWLEDGMENT
ACKNOWLEDGMENT & WAIVER,ACKNOWLEDGMENT
ACKNOWLEGE,ACKNOWLEDGMENT
ACKNOWLEGM,ACKNOWLEDGMENT
ACPR/CNT,ACCEPTANCE
ACPT,ACCEPTANCE
ACPT/CNT,ACCEPTANCE
ACPT/COR,ACCEPTANCE
ACPT/DON,DONATION ACCEPTANCE
ACPT/MTG,ACCEPTANCE
ACPT/OGM,ACCEPTANCE
ACT,NOTICE
ACT CORR,CORRECTION
ACT OF,CORRECTION
ACT OF CORRECTION,CORRECTION
ACT OF DEPOSIT,DEPOSIT
ACT/,NOTICE
ACT/ASGN,ASSIGNMENT
ACT/CNT,CONTRACT
ACT/CORR,CORRECTION
ACT/MTG,MTGATION
ACT/ROW,MORTGAGE
ACTP/CNT,CONTRACT
AD,ADJUDICATION
ADC,CORRECTION
ADD/DUM,ADDENDUM
ADD/LSE,LEASE
ADDENDUM,ADDENDUM
ADG,ADJUDICATION
ADJ,ADJUDICATION
ADJ/CAN,CANCELLATION - SINGLE
ADJ/DEED,ADJUDICATION
ADJ/TAX,ADJUDICATION
ADJUDCATION,ADJUDICATION
ADJUDICATI,ADJUDICATION
ADJUDICATION,ADJUDICATION
ADJUDICTION,ADJUDICATION
ADM,REQUEST NOTICE SEIZE
ADM/MTG,MORTGAGE
ADMIN,OATH OF OFFICE
ADNM,LEASE
ADOPT,ADOPTION
ADOPT/RD,ADOPTION
ADOPTION,ADOPTION
ADP,ADOPTION
ADPT,ADOPTION
AFDT,AFFIDAVIT
AFFDAVIT,AFFIDAVIT
AFFIDAVIT,AFFIDAVIT
AFFIDAVIT TO CREATE LIEN,AFFIDAVIT
AFFIDT,AFFIDAVIT
AFFIXATION,AFFIDAVIT
AFH,AFFIDAVIT
AFT,AFFIDAVIT
AFT  P/A,AFFIDAVIT
AFT A,AFFIDAVIT
AFT OF HEIRSHIP,AFFIDAVIT
AFT P/A,AFFIDAVIT
AFT POSS,AFFIDAVIT
AFT RENU,AFFIDAVIT
AFT/ACK,AFFIDAVIT
AFT/ACKN,AFFIDAVIT
AFT/ADOPT,AFFIDAVIT
AFT/AGT,AFFIDAVIT
AFT/AMD/SMALL SUCCESSION,AFFIDAVIT
AFT/ASGN,AFFIDAVIT
AFT/C,AFFIDAVIT
AFT/CA,AFFIDAVIT
AFT/CAN,AFFIDAVIT
"AFT/CAN  $227,000.00",AFFIDAVIT
AFT/CANC,AFFIDAVIT
AFT/CNC,AFFIDAVIT
AFT/COR,AFFIDAVIT
AFT/CORR,AFFIDAVIT
"AFT/CORR/ADD #281933, 281934",AFFIDAVIT
AFT/CPS,AFFIDAVIT
AFT/CRS,AFFIDAVIT
AFT/DEAT,AFFIDAVIT
AFT/DEATH,AFFIDAVIT
AFT/DIS,AFFIDAVIT
AFT/DISTIN,AFFIDAVIT
AFT/DLN,AFFIDAVIT
AFT/DSPU,AFFIDAVIT
AFT/EXEMPT,AFFIDAVIT
AFT/EXPI,AFFIDAVIT
AFT/FACT,AFFIDAVIT
AFT/HEIR,AFFIDAVIT
AFT/HEIRSH,AFFIDAVIT
AFT/IDENTI,AFFIDAVIT
AFT/IDN,AFFIDAVIT
AFT/IDTY,AFFIDAVIT
AFT/IMMOBILIZATION,AFFIDAVIT
AFT/JDG,AFFIDAVIT
AFT/JOB,AFFIDAVIT
AFT/JURIS,AFFIDAVIT
AFT/LIEN,AFFIDAVIT
AFT/MERGER,AFFIDAVIT
AFT/MTL,AFFIDAVIT
AFT/NAME,AFFIDAVIT
AFT/NO WOR,NO WORK AFFIDAVIT
AFT/NO WORK,NO WORK AFFIDAVIT
AFT/NOTARY,AFFIDAVIT
AFT/NOTE,AFFIDAVIT
AFT/OGM,AFFIDAVIT
AFT/OWN,AFFIDAVIT
AFT/PLAT,AFFIDAVIT
AFT/POSS,AFFIDAVIT
AFT/REL,AFFIDAVIT
AFT/RELEAS,AFFIDAVIT
AFT/RESIDE,AFFIDAVIT
AFT/RNSC,AFFIDAVIT
AFT/SALE,AFFIDAVIT
AFT/SMALL SUCCESSION,AFFIDAVIT
AFT/STATEM,AFFIDAVIT
AFT/SUCC,AFFIDAVIT
AFT/SUCCES,AFFIDAVIT
AFT/SUCCESSION,AFFIDAVIT
AFT/TRANSF,AFFIDAVIT
AFT/TRUST,AFFIDAVIT
AFT/WAIVER,AFFIDAVIT
AFT/WAVE,AFFIDAVIT
AFT/WILL,AFFIDAVIT
AFT/WORK,AFFIDAVIT
AG/L,AFFIDAVIT
AG/LSE,AFFIDAVIT
AG/PRD,AFFIDAVIT
AGENT/,AFFIDAVIT
AGM,ASSIGNMENT
AGM AMD,ASSIGNMENT
AGM OGM,ASSIGNMENT
AGM REL,ASSIGNMENT
AGM ROW,ASSIGNMENT
AGM RSL,ASSIGNMENT
AGM/CTF,ASSIGNMENT
AGM/OPT,ASSIGNMENT
AGM/PLAT,ASSIGNMENT
AGMT,ASSIGNMENT
AGN,ASSIGNMENT
AGN/LIEN,ASSIGNMENT
AGN/NOTE,ASSIGNMENT
AGR,ASSIGNMENT
AGR CNC,ASSIGNMENT
AGR CRS,CREDIT SALE
AGR CTF,CERTIFICATE
AGR LIEN,LIEN
AGR LSE,LEASE
AGR RSL,RESOLUTION
AGR S/D,AGREEMENT
AGR SBL,AGREEMENT
AGR SELL,AGREEMENT
AGR/,AGREEMENT
AGR/ACT,AGREEMENT
AGR/AMD,AGREEMENT
AGR/ASG,AGREEMENT
AGR/BOND,AGREEMENT
AGR/BUY/SA,AGREEMENT
AGR/DEED,AGREEMENT
AGR/DEFR,AGREEMENT
AGR/EXCH,AGREEMENT
AGR/EXT,AGREEMENT
AGR/LEASE,AGREEMENT
AGR/LSE,AGREEMENT
AGR/MANG,AGREEMENT
AGR/MINS,AGREEMENT
AGR/OGM,AGREEMENT
AGR/PART,AGREEMENT
AGR/PLAT,AGREEMENT
AGR/PUR,AGREEMENT
AGR/RAT,AGREEMENT
AGR/REL,AGREEMENT
AGR/RSL,AGREEMENT
AGR/SALE,AGREEMENT
AGR/SBL,AGREEMENT
AGR/SELL,AGREEMENT
AGR/TRAN,AGREEMENT
AGR/UNIT,AGREEMENT
AGRE,AGREEMENT
AGRE/AMD,AGREEMENT
AGRE/LEASE,AGREEMENT
AGRE/LSE,AGREEMENT
AGRE/QCD,AGREEMENT
AGRE/REL,AGREEMENT
AGREE,AGREEMENT
AGREE-,AGREEMENT
AGREE/CORR,AGREEMENT
AGREE/DEED,AGREEMENT
AGREE/EXT,AGREEMENT
AGREE/LS,AGREEMENT
AGREE/MERGER,AGREEMENT
AGREE/SERV,AGREEMENT
AGREEMEENT,AGREEMENT
AGREEMEMT,AGREEMENT
AGREEMEN,AGREEMENT
AGREEMENT,AGREEMENT
AGREEMENT & P/A,AGREEMENT
AGREEMNT,AGREEMENT
AGRI,AGREEMENT
AGRI/,AGREEMENT
AGRI/LEASE,AGREEMENT
AGRI/LSE,AGREEMENT
AGRI/SBL,AGREEMENT
AGRI/SUB,AGREEMENT
AGRIC,AGREEMENT
AGRILSE,AGREEMENT
AGRMT,AGREEMENT
AJD,ADJUDICATION
AKLM,ACKNOWLEDGMENT
ALDERMAN,OATH OF OFFICE
ALDERMN-,OATH OF OFFICE
ALDRWMAN,OATH OF OFFICE
ALI,AMENDMENT
ALLOCATION,AMENDMENT
ALP &,AMENDMENT
AM PRN,AMENDMENT
AM/JDG,AMENDMENT
AM/ORDER,AMENDMENT
AMD,AMENDMENT
AMD #1,AMENDMENT
AMD #2,AMENDMENT
AMD #3,AMENDMENT
AMD #4,AMENDMENT
AMD #5,AMENDMENT
AMD #6,AMENDMENT
AMD &,AMENDMENT
AMD ASG,AMENDMENT
AMD CRS,AMENDMENT
AMD J,AMENDMENT
AMD J/P,AMENDMENT
AMD J/POSS,AMENDMENT
AMD JDG,AMENDMENT
AMD LSE,AMENDMENT
AMD MTG,AMENDMENT
AMD MTL,AMENDMENT
AMD N/C,AMENDMENT
AMD OGL,AMENDMENT
AMD OGM,AMENDMENT
AMD PDC,AMENDMENT
AMD QCD,AMENDMENT
AMD REL,AMENDMENT
AMD ROW,AMENDMENT
AMD SBL,AMENDMENT
AMD#1,AMENDMENT
AMD&,AMENDMENT
AMD&AGR,AMENDMENT
AMD/,AMENDMENT
AMD/#1,AMENDMENT
AMD/#3,AMENDMENT
AMD/#4,AMENDMENT
AMD/#5,AMENDMENT
AMD//MTG,AMENDMENT
AMD/A/CORR,AMENDMENT
AMD/AFT,AMENDMENT
AMD/AFT/SUCCESSION,AMENDMENT
AMD/AGR,AMENDMENT
AMD/AGREE,AMENDMENT
AMD/AGREEM,AMENDMENT
AMD/AOI,AMENDMENT
AMD/APPRAI,AMENDMENT
AMD/ARI,AMENDMENT
AMD/ART,AMENDMENT
AMD/ARTICL,AMENDMENT
AMD/ASG,AMENDMENT
AMD/ASGN,AMENDMENT
AMD/CLAR,AMENDMENT
AMD/CM,AMENDMENT
AMD/CNT,AMENDMENT
AMD/COB,AMENDMENT
AMD/COR,AMENDMENT
AMD/CORP,AMENDMENT
AMD/CORR,AMENDMENT
AMD/COVENA,AMENDMENT
AMD/CPS,AMENDMENT
AMD/CRS,AMENDMENT
AMD/CRS/AG,AMENDMENT
AMD/CTF,AMENDMENT
AMD/DCL,AMENDMENT
AMD/DDL,AMENDMENT
AMD/DECLAR,AMENDMENT
AMD/DEED,AMENDMENT
AMD/DEED/M,AMENDMENT
AMD/DLN,AMENDMENT
AMD/DOC,AMENDMENT
AMD/DON,AMENDMENT
AMD/DON2,AMENDMENT
AMD/DONATI,AMENDMENT
AMD/DONATION,AMENDMENT
AMD/EXT,AMENDMENT
AMD/EXTRAC,AMENDMENT
AMD/J,AMENDMENT
AMD/J POSS,JUDGMENT OF POSSESSION
AMD/J/POSS,JUDGMENT OF POSSESSION
AMD/JDG,JUDGMENT OF POSSESSION
AMD/JDG/PO,JUDGMENT OF POSSESSION
AMD/JDG/POSS,JUDGMENT OF POSSESSION
AMD/JOP,JUDGMENT OF POSSESSION
AMD/JP,JUDGMENT OF POSSESSION
AMD/JPOS,JUDGMENT OF POSSESSION
AMD/JPOSS,JUDGMENT OF POSSESSION
AMD/LEASE,AMENDMENT
AMD/LIEN,AMENDMENT
AMD/LSE,AMENDMENT
AMD/MTG,AMENDMENT
AMD/MTG1,AMENDMENT
AMD/NAME,AMENDMENT
AMD/NOTE,AMENDMENT
AMD/OGM,AMENDMENT
AMD/OGM LE,AMENDMENT
AMD/OGM/LE,AMENDMENT
AMD/ORD,AMENDMENT
AMD/ORDE,AMENDMENT
AMD/ORDER,AMENDMENT
AMD/PAG,AMENDMENT
AMD/PAR-,AMENDMENT
AMD/PART,AMENDMENT
AMD/PARTIT,AMENDMENT
AMD/PLAT,AMENDMENT
AMD/POOL,AMENDMENT
AMD/POSS,AMENDMENT
AMD/PTR,AMENDMENT
AMD/RAT,AMENDMENT
AMD/RATIFI,AMENDMENT
AMD/REST,AMENDMENT
AMD/SEIZU,AMENDMENT
AMD/SEIZUR,AMENDMENT
AMD/SEIZURE,AMENDMENT
AMD/SUBLEA,AMENDMENT
AMD/SUPP,AMENDMENT
AMD/TRUS,AMENDMENT
AMD/TRUST,AMENDMENT
AMD-A/D,AMENDMENT
AMDASG,AMENDMENT
AMD-J/P,AMENDMENT
AMEN/J/POS,AMENDMENT
AMEN/JPOSS,AMENDMENT
AMEND,AMENDMENT
AMEND (JOP),AMENDMENT
AMEND J/P,AMENDMENT
AMEND R/W,AMENDMENT
AMEND TRUST,AMENDMENT
AMEND/,AMENDMENT
AMEND/#2,AMENDMENT
AMEND/#4,AMENDMENT
AMEND/#5,AMENDMENT
AMEND/0GM,AMENDMENT
AMEND/AGRE,AMENDMENT
AMEND/ART,AMENDMENT
AMEND/CNT,AMENDMENT
AMEND/CPS,AMENDMENT
AMEND/FTL,AMENDMENT
AMEND/J,AMENDMENT
AMEND/J/P,AMENDMENT
AMEND/J/PO,AMENDMENT
AMEND/JDG,AMENDMENT
AMEND/JP,AMENDMENT
AMEND/JPOS,AMENDMENT
AMEND/LIEN,AMENDMENT
AMEND/LSE,AMENDMENT
AMEND/MTG,AMENDMENT
AMEND/OGM,AMENDMENT
AMEND/REST,AMENDMENT
AMENDED,AMENDMENT
AMENDED J/P,JUDGMENT OF POSSESSION
AMENDED JDG,JUDGMENT OF POSSESSION
AMENDED JDG/POSS,JUDGMENT OF POSSESSION
AMENDED N/S,AMENDMENT
AMEND-J/P,JUDGMENT OF POSSESSION
AMENDMEMT,AMENDMENT
AMENDMENT,AMENDMENT
AMENDMENT/MTG,AMENDMENT
AMEND-S/D,AMENDMENT
AMI,AMENDMENT
AMND,AMENDMENT
AMORTIZE,AMENDMENT
AMTZ,AMENDMENT
ANNUAL REPORT,CERTIFICATE
AOC,CORRECTION
AOC/ASG,CORRECTION
AOC/CRS,CORRECTION
AOC/DEED,CORRECTION
AOC/MTG,CORRECTION
AOI,CORRECTION
AOI/ASG,ASSIGNMENT
AOI/ASGN,ASSIGNMENT
AOI/EXT,ASSIGNMENT
AOI/OGM,OGM FILING
AP-,AFFIDAVIT
APP,ASSIGNMENT
APPLICATIO,NOTICE
APPOINTMEN,NOTICE
APPROVAL,NOTICE
APPT/AGT,NOTICE
ARMY,MILITARY DISCHARGE
ART,ARTICLES
ART OF,ARTICLES
ART/P,ARTICLES
ART/PART,ARTICLES
ARTCLS,ARTICLES
ARTICLE/,ARTICLES
ARTICLES,ARTICLES
ARTCLES ORGANIZATION,ARTICLES
AS/MTG,MORTGAGE
ASF/CAN,CANCELLATION-SINGLE
ASF/CONV,ASSIGNMENT
ASF/NOTE,AFFIDAVIT
ASG,ASSIGNMENT
ASG &,ASSIGNMENT
ASG AGR,ASSIGNMENT
ASG AOI,ASSIGNMENT
ASG B/S,ASSIGNMENT
ASG CNT,ASSIGNMENT
ASG COB,ASSIGNMENT
ASG CONS,ASSIGNMENT
ASG D/T,ASSIGNMENT
ASG J,ASSIGNMENT
ASG L/R,ASSIGNMENT
ASG LS,ASSIGNMENT
ASG LSE,ASSIGNMENT
ASG M,ASSIGNMENT
ASG M/,ASSIGNMENT
ASG MTG,ASSIGNMENT
ASG N&J,ASSIGNMENT
ASG NOTE,ASSIGNMENT
ASG O/G,ASSIGNMENT
ASG O/R,ASSIGNMENT
ASG OF,ASSIGNMENT
ASG OGL,ASSIGNMENT
ASG OGM,ASSIGNMENT
ASG OGM LEASES,ASSIGNMENT
ASG OR,ASSIGNMENT
ASG PLAT,ASSIGNMENT
ASG PTR,ASSIGNMENT
ASG ROW,ASSIGNMENT
ASG RSL,ASSIGNMENT
ASG&,ASSIGNMENT
ASG&AGM,ASSIGNMENT
ASG&J,ASSIGNMENT
ASG&MTG,ASSIGNMENT
ASG&OGM,ASSIGNMENT
ASG/,ASSIGNMENT
ASG/ OGM,ASSIGNMENT
ASG/&,ASSIGNMENT
ASG/0GM,ASSIGNMENT
ASG/0RR/IN,ASSIGNMENT
ASG/A0I,ASSIGNMENT
ASG/ACCT,ASSIGNMENT
ASG/AFT,ASSIGNMENT
ASG/AGR,ASSIGNMENT
ASG/AGR/LE,ASSIGNMENT
ASG/AGREE,ASSIGNMENT
ASG/AGRI,ASSIGNMENT
ASG/AMD,ASSIGNMENT
ASG/AOI,ASSIGNMENT
ASG/ASSUMP,ASSIGNMENT
ASG/B,ASSIGNMENT
ASG/B/S,ASSIGNMENT
ASG/BILL,ASSIGNMENT
ASG/CAN,ASSIGNMENT
ASG/CLAIM,ASSIGNMENT
ASG/CM,ASSIGNMENT
ASG/CNT,ASSIGNMENT
ASG/CNV,ASSIGNMENT
ASG/COB,ASSIGNMENT
ASG/CON,ASSIGNMENT
ASG/CON MR,ASSIGNMENT
ASG/CON/SA,ASSIGNMENT
ASG/CONV,ASSIGNMENT
ASG/CONV/S,ASSIGNMENT
ASG/CONVEY,ASSIGNMENT
ASG/COR,ASSIGNMENT
ASG/CORR,ASSIGNMENT
ASG/DEED,ASSIGNMENT
ASG/INS,ASSIGNMENT
ASG/INT,ASSIGNMENT
ASG/INT/OG,ASSIGNMENT
ASG/J,ASSIGNMENT
ASG/JDG,ASSIGNMENT
ASG/JDG/NO,ASSIGNMENT
ASG/JUDG,ASSIGNMENT
ASG/LEASE,ASSIGNMENT
ASG/LEASE/,ASSIGNMENT
ASG/LEASES,ASSIGNMENT
ASG/LIEN,ASSIGNMENT
ASG/LIENS,ASSIGNMENT
ASG/LOAN,ASSIGNMENT
ASG/LSE,ASSIGNMENT
ASG/M/,ASSIGNMENT
ASG/MIN,ASSIGNMENT
ASG/MIN IN,ASSIGNMENT
ASG/MIN/IN,ASSIGNMENT
ASG/MIN/RO,ASSIGNMENT
ASG/MINERA,ASSIGNMENT
ASG/M-R,ASSIGNMENT
ASG/MT,ASSIGNMENT
ASG/MTG,ASSIGNMENT
ASG/NOGE,ASSIGNMENT
ASG/NOTE,ASSIGNMENT
ASG/NOTES,ASSIGNMENT
ASG/O/R,ASSIGNMENT
ASG/OG,ASSIGNMENT
ASG/OG/ROY,ASSIGNMENT
ASG/OGM,ASSIGNMENT
ASG/OGM/AG,ASSIGNMENT
ASG/OGM/IN,ASSIGNMENT
ASG/OGM/LE,ASSIGNMENT
ASG/OGM/LEASE,ASSIGNMENT
ASG/OGM/LEASES,ASSIGNMENT
ASG/OGM1,ASSIGNMENT
ASG/OMG,ASSIGNMENT
ASG/OMG/LE,ASSIGNMENT
ASG/OPT,ASSIGNMENT
ASG/OR,ASSIGNMENT
ASG/OR INT,ASSIGNMENT
ASG/OR/INT,ASSIGNMENT
ASG/OR/OGM,ASSIGNMENT
ASG/OR/ROY,ASSIGNMENT
ASG/ORI,ASSIGNMENT
ASG/ORI/OG,ASSIGNMENT
ASG/ORR,ASSIGNMENT
ASG/ORR/IN,ASSIGNMENT
ASG/ORRI,ASSIGNMENT
ASG/OTG,ASSIGNMENT
ASG/P/A,ASSIGNMENT
ASG/PAY,ASSIGNMENT
ASG/PLAT,ASSIGNMENT
ASG/PLDG,ASSIGNMENT
ASG/PLEDGE,ASSIGNMENT
ASG/PMT,ASSIGNMENT
ASG/PORJ,ASSIGNMENT
ASG/PROCEE,ASSIGNMENT
ASG/PROD,ASSIGNMENT
ASG/PRODUC,ASSIGNMENT
ASG/PROJ,ASSIGNMENT
ASG/QC,ASSIGNMENT
ASG/R INT,ASSIGNMENT
ASG/R/INT,ASSIGNMENT
ASG/R/W,ASSIGNMENT
ASG/REC,ASSIGNMENT
ASG/RENT,ASSIGNMENT
ASG/RENTS,ASSIGNMENT
ASG/ROW,ASSIGNMENT
ASG/ROY,ASSIGNMENT
ASG/RUNS,ASSIGNMENT
ASG/RW,ASSIGNMENT
ASG/SALE,ASSIGNMENT
ASG/SALE/C,ASSIGNMENT
ASG/SALE/OGM/LEASES,ASSIGNMENT
ASG/SERV,ASSIGNMENT
ASG/SERVIT,ASSIGNMENT
ASG/SRL,ASSIGNMENT
ASG/TRNF,ASSIGNMENT
ASG/WAGE,ASSIGNMENT
ASG/WAGES,ASSIGNMENT
ASG/WK/INT,ASSIGNMENT
ASG/WORK,ASSIGNMENT
ASG-B/S,ASSIGNMENT
ASGM/MTG,ASSIGNMENT
ASGM/OGM LEASE,ASSIGNMENT
ASGMOGM,ASSIGNMENT
ASGN,ASSIGNMENT
ASGN MTG,ASSIGNMENT
ASGN O/R,ASSIGNMENT
ASGN OGM,ASSIGNMENT
ASGN&R/W,ASSIGNMENT
ASGN/0GM,ASSIGNMENT
ASGN/AGREE,ASSIGNMENT
ASGN/AMEND,ASSIGNMENT
ASGN/ASSUM,ASSIGNMENT
ASGN/ASSUMPTION,ASSIGNMENT
ASGN/CONV,ASSIGNMENT
ASGN/CONVE,ASSIGNMENT
ASGN/CONVEY,ASSIGNMENT
ASGN/CONVEYANCE,ASSIGNMENT
ASGN/COV,ASSIGNMENT
ASGN/CRS,ASSIGNMENT
ASGN/DEED OF TRUST,ASSIGNMENT
ASGN/INT,ASSIGNMENT
ASGN/INT/OGM/LEASE,ASSIGNMENT
ASGN/INTEREST OGM LEASES,ASSIGNMENT
ASGN/JDG,ASSIGNMENT
ASGN/LEASE,ASSIGNMENT
ASGN/LEASES,ASSIGNMENT
ASGN/LEASES/RENTS,ASSIGNMENT
ASGN/LSE,ASSIGNMENT
ASGN/MIN,ASSIGNMENT
ASGN/MIN R,ASSIGNMENT
ASGN/MIN/R,ASSIGNMENT
ASGN/MTG,ASSIGNMENT
ASGN/MTGS,ASSIGNMENT
ASGN/NOTE,ASSIGNMENT
ASGN/NOTES,ASSIGNMENT
ASGN/O/R,ASSIGNMENT
ASGN/OG,ASSIGNMENT
ASGN/OG/IN,ASSIGNMENT
ASGN/OGM,ASSIGNMENT
ASGN/OGM LEASE,ASSIGNMENT
ASGN/OGM LEASES,ASSIGNMENT
ASGN/OGM/LEASE,ASSIGNMENT
ASGN/OGM/LEASES,ASSIGNMENT
ASGN/OR,ASSIGNMENT
ASGN/OR/IN,ASSIGNMENT
ASGN/OR/RO,ASSIGNMENT
ASGN/ORI,ASSIGNMENT
ASGN/ORR,ASSIGNMENT
ASGN/ORR/INT,ASSIGNMENT
ASGN/SALE,ASSIGNMENT
ASGN/SERVI,ASSIGNMENT
ASGN/WAGE,ASSIGNMENT
ASGN/WAGES,ASSIGNMENT
ASGN/WORKING INT/OGM/LEASES,ASSIGNMENT
ASGNLEASE,ASSIGNMENT
ASH,ASSIGNMENT
ASH/OGM,ASSIGNMENT
ASN/NOTE,ASSIGNMENT
ASN/SALE,ASSIGNMENT
ASS/,ASSIGNMENT
ASSESS,ASSIGNMENT
ASSESSOR,ASSIGNMENT
ASSETS,ASSIGNMENT
ASSGN,ASSIGNMENT
ASSIG/NOTE,ASSIGNMENT
ASSIGN,ASSIGNMENT
ASSIGNMENT,ASSIGNMENT
ASSIGNMENT & CONVEYANCE,ASSIGNMENT
ASSIGNMT,ASSIGNMENT
ASSIST,ASSIGNMENT
ASSN/LEASE,ASSIGNMENT
ASSN/MTG,ASSIGNMENT
ASSN/OGM,ASSIGNMENT
ASSP/AGREE,ASSUMPTION
ASSP/DEED,ASSUMPTION
ASST/LSE,ASSUMPTION
ASSUM,CERTIFICATE
ASSUM/DEED,CERTIFICATE
ASSUME,ASSUMPTION
ASSUMED NAME,ASSUMPTION
ASSUMP,ASSUMPTION
ASSUMP/DEE,ASSUMPTION
ASSUMPTION/DEED,ASSUMPTION
ATTACH,NOTICE
ATTACHMENT,NOTICE
ATTY &,NOTICE
ATZ,AUTHORIZATION
AUTH/,AUTHORIZATION
AUTHORITY,AUTHORIZATION
AUTHORIZ,AUTHORIZATION
AUTHORIZA,AUTHORIZATION
AUTHORIZAT,AUTHORIZATION
AUTHORIZATION,AUTHORIZATION
AUTHORIZATIONS,AUTHORIZATION
AUX,OATH OF OFFICE
AXD,CASH SALE
B/A,AGREEMENT
B/S,AGREEMENT
B/S AGR,AGREEMENT
B/S CM,AGREEMENT
B/SALE,AGREEMENT
BANK,NOTE
BANK-,NOTE
BANKRU,NOTICE
BANKRUPT,NOTICE
BANKRUPTCY,NOTICE
BANRUPTY,NOTICE
BD FOR,AGREEMENT
BDRY/AGR,AGREEMENT
BID/FORM,AGREEMENT
BILL OF SALE,CASH SALE
BILL/,CASH SALE
BILL/SALE,CASH SALE
BILLSALE,CASH SALE
BIRTH,NOTICE
BKRPT,AGREEMENT
BKRPTY,AGREEMENT
BLDG/CNT,CONTRACT
BLDG/LEASE,LEASE CANCELLATION
BND,BOND 
BND/,BOND
BND/CNT,BOND
BND/DEED,BOND
BND/INT,BOND
BND/OATH,OATH OF OFFICE
BNDRY,NOTICE
BON,NOTICE
BON/DEED,BOND FOR DEED
BOND,BOND
BOND FOR DEED,BOND FOR DEED
BOND FOR DEED CONTRACT,BOND FOR DEED
BOND/,BOND
BOND/AMD,BOND
BOND/CNT,BOND
BOND/D,BOND FOR DEED
BOND/DEE,BOND FOR DEED
BOND/DEED,BOND FOR DEED
BOND/DEED CNT,BOND FOR DEED
BOND/DEED CONTRACT,BOND FOR DEED
BOND/LIEN,BOND
BOND/NOTAR,NOTARY BOND
BOND/OPT,BOND
BOND/OPTIO,BOND
BOND1,BOND
BONDLIEN,BOND
BONDNOTARY,NOTARY BOND
BONF,BOND
BRAND,NOTICE
BY-LAWS,BY-LAWS
C AN/NOTE,CANCELLATION-SINGLE
C MTG/,COTRACT
C NT,CONTRACT
C/BOND,CANCELLATION-SINGLE
C/D,CANCELLATION-SINGLE
C/LSE,CANCELLATION-SINGLE
C/S,CANCELLATION-SINGLE
CA/NOTE,CANCELLATION-SINGLE
CAB/JDG,CANCELLATION-SINGLE
CAFT/CAN,CANCELLATION-SINGLE
CAN,CANCELLATION-SINGLE
CAN MORTG,CANCELLATION-SINGLE
CAN MTG,CANCELLATION-SINGLE
CAN NOTE,CANCELLATION-SINGLE
CAN P/A,CANCELLATION-SINGLE
CAN STL,CANCELLATION-SINGLE
CAN./NOTE,CANCELLATION-SINGLE
CAN.NOTE,CANCELLATION-SINGLE
CAN/ BOND,CANCELLATION-SINGLE
CAN/ L/P,CANCELLATION-SINGLE
CAN/ LIEN,CANCELLATION-SINGLE
CAN/ MTG,CANCELLATION-SINGLE
CAN/ NOTE,CANCELLATION-SINGLE
"CAN/,MTG",CANCELLATION-SINGLE
CAN//MTG,CANCELLATION-SINGLE
CAN//NOTE,CANCELLATION-SINGLE
CAN/1001,CANCELLATION-SINGLE
CAN/1002,CANCELLATION-SINGLE
CAN/ADJ,CANCELLATION-SINGLE
CAN/AFT,CANCELLATION-SINGLE
CAN/AGR,CANCELLATION-SINGLE
CAN/AGRE,CANCELLATION-SINGLE
CAN/AGREE,CANCELLATION-SINGLE
CAN/AGRI,CANCELLATION-SINGLE
CAN/ASG,CANCELLATION-SINGLE
CAN/ASG/WA,CANCELLATION-SINGLE
CAN/ASGN,CANCELLATION-SINGLE
CAN/ASGN/M,CANCELLATION-SINGLE
CAN/ASN,CANCELLATION-SINGLE
CAN/BON,CANCELLATION-SINGLE
CAN/BONC,CANCELLATION-SINGLE
CAN/BOND,CANCELLATION-SINGLE
CAN/BOND/D,CANCELLATION-SINGLE
CAN/CLAIM,CANCELLATION-SINGLE
CAN/CM,CANCELLATION-SINGLE
CAN/CNT,CANCELLATION-SINGLE
CAN/CONTRA,CANCELLATION-SINGLE
CAN/CRS,CANCELLATION-SINGLE
CAN/CTF,CANCELLATION-SINGLE
CAN/DDL,CANCELLATION-SINGLE
CAN/DEED,CANCELLATION-SINGLE
CAN/EASEME,CANCELLATION-SINGLE
CAN/FTL,CANCELLATION-SINGLE
CAN/GARN,CANCELLATION-SINGLE
CAN/GARNIS,CANCELLATION-SINGLE
CAN/JDG,CANCELLATION-SINGLE
CAN/JG,CANCELLATION-SINGLE
CAN/JGD,CANCELLATION-SINGLE
CAN/JGT,CANCELLATION-SINGLE
CAN/LEASE,LEASE CANCELLATION
CAN/LEIN,CANCELLATION-SINGLE
CAN/LES,LEASE CANCELLATION
CAN/LIEIN,CANCELLATION-SINGLE
CAN/LIEN,CANCELLATION-SINGLE
CAN/LIS PENDENS,CANCELLATION-SINGLE
CAN/LITEN,CANCELLATION-SINGLE
CAN/LP,CANCELLATION-SINGLE
CAN/LSE,LEASE CANCELLATION
CAN/MTG,CANCELLATION-SINGLE
CAN/MTG`,CANCELLATION-SINGLE
CAN/NAOTE,CANCELLATION-SINGLE
CAN/NNOTE,CANCELLATION-SINGLE
CAN/NOE,CANCELLATION-SINGLE
CAN/NOGE,CANCELLATION-SINGLE
CAN/NOT,CANCELLATION-SINGLE
CAN/NOT3,CANCELLATION-SINGLE
CAN/NOTE,CANCELLATION-SINGLE
CAN/NOTE`,CANCELLATION-SINGLE
CAN/NOTE``,CANCELLATION-SINGLE
CAN/NOTE40,CANCELLATION-SINGLE
CAN/NOTEE,CANCELLATION-SINGLE
CAN/NOTICE,CANCELLATION-SINGLE
CAN/NTOE,CANCELLATION-SINGLE
CAN/OATH,CANCELLATION-SINGLE
CAN/OATHS,CANCELLATION-SINGLE
CAN/OGM,CANCELLATION-SINGLE
CAN/OR/INT,CANCELLATION-SINGLE
CAN/PAYMEN,CANCELLATION-SINGLE
CAN/PRIV,CANCELLATION-SINGLE
CAN/PROCES,CANCELLATION-SINGLE
CAN/PV,CANCELLATION-SINGLE
CAN/REFUSA,CANCELLATION-SINGLE
CAN/RENT,CANCELLATION-SINGLE
CAN/RESTRI,CANCELLATION-SINGLE
CAN/RIGHT,CANCELLATION-SINGLE
CAN/RNSC,CANCELLATION-SINGLE
CAN/SALE,CANCELLATION-SINGLE
CAN/SD,CANCELLATION-SINGLE
CAN/SEIZ,CANCELLATION-SINGLE
CAN/SEIZUR,CANCELLATION-SINGLE
CAN/SEIZURE,CANCELLATION-SINGLE
CAN/SRL,CANCELLATION-SINGLE
CAN/STATEM,CANCELLATION-SINGLE
CAN/STL,CANCELLATION-SINGLE
CAN/TAX/LI,CANCELLATION-SINGLE
CAN/TBR,CANCELLATION-SINGLE
CAN/TRUST,CANCELLATION-SINGLE
CAN/TUTOR,CANCELLATION-SINGLE
CAN/USUFRU,CANCELLATION-SINGLE
CAN/WRIT,CANCELLATION-SINGLE
CAN/WRIT/J,CANCELLATION-SINGLE
CAN;/NOTE,CANCELLATION-SINGLE
CANA/NOTE,CANCELLATION-SINGLE
CANC,CANCELLATION-SINGLE
CANC OF,CANCELLATION-SINGLE
CANC/SUB,CANCELLATION-SINGLE
CANCE/BOND,CANCELLATION-SINGLE
CANCEL,CANCELLATION-SINGLE
CANCEL /MTG,CANCELLATION-SINGLE
CANCEL/BOND,CANCELLATION-SINGLE
CANCELL,CANCELLATION-SINGLE
CANCELLATI,CANCELLATION-SINGLE
CANCELLATION,CANCELLATION-SINGLE
CANCL,CANCELLATION-SINGLE
CANJDG,CANCELLATION-SINGLE
CANMTG,CANCELLATION-SINGLE
CANNOTE,CANCELLATION-SINGLE
CAN-P/A,REVOCATION
CASH,CASH SALE
CASHIER,NOTICE
CCC,CERTIFICATE
CCJ,JUDGMENT
CCPS/COR,NOTICE
CCT,CERTIFICATE
CERT,CERTIFICATE
CERT OF,CERTIFICATE
CERT/,CERTIFICATE
CERT/AFT,CERTIFICATE
CERTICATE,CERTIFICATE
CERTIFICAT,CERTIFICATE
CERTIFICATE,CERTIFICATE
CERTIFICATION,CERTIFICATE
CFT,CERTIFICATE
CFT/AMD,CERTIFICATE
CFT/ASSUME,CERTIFICATE
CFT/RDP,CERTIFICATE
CFT/RSL,CERTIFICATE
CHAIRMAN,OATH OF OFFICE
CHANGE,NAME CHANGE
CHANGE OF NAME,NAME CHANGE
CHANGE ORDER,NOTICE
CHANGE/OR,NOTICE
CHANGE/ORD,ORDER
CHAR-,NOTICE
CHART,NOTICE
CHARTER,NOTICE
CHARTER1,NOTICE
CHATTEL,MORTGAGE
CHF CRIM,OATH OF OFFICE
CHF POL,OATH OF OFFICE
CHF POLC,OATH OF OFFICE
CHG OF,ORDER
CHG ORDER,ORDER
CHG/CNT,CONTRACT
CHG/ORD,ORDER
CHG/ORDER,ORDER
CHIEF,OATH OF OFFICE
CHIEF DY,OATH OF OFFICE
CHIEF OF,OATH OF OFFICE
CHIEF/,OATH OF OFFICE
CHILD,NOTICE
CHRTR,NOTICE
CITY JDG,OATH OF OFFICE
CIVIL,NOTICE
CIVIL DOCK,NOTICE
CLAIM,NOTICE
CLARIF,NOTICE
CLARIFICAT,NOTICE
CLARIFY,NOTICE
CLAYTON,NOTICE
CLERK,CERTIFICATE
CLERK CTF,CERTIFICATE
CLERK OF,CERTIFICATE
CLERKS,CERTIFICATE
CLF/NAME,CERTIFICATE
CLRK/CTF,CERTIFICATE
CM,MORTGAGE
CM  MTG,MORTGAGE
CM&ASG,MORTGAGE
CM&MTG,MORTGAGE
CM/,MORTGAGE
CM/ASG,ASSIGNMENT
CM/DEED,CASH SALE
CM/LSE,LEASE CANCELLATION
CM/MTG,MORTGAGE
CM/RSL,RESOLUTION
CMM/LSE,LEASE
CMPRO,NOTICE
CNC,CANCELLATION-SINGLE
CNC &,CANCELLATION-SINGLE
CNC F/L,CANCELLATION-SINGLE
CNC J,CANCELLATION-SINGLE
CNC LSE,CANCELLATION-SINGLE
CNC&REL,CANCELLATION-SINGLE
CNC/AGR,CANCELLATION-SINGLE
CNC/LSE,CANCELLATION-SINGLE
CNC/MTG,CANCELLATION-SINGLE
CNC/P/A,CANCELLATION-SINGLE
CNC/REL,CANCELLATION-SINGLE
CNC/S,CANCELLATION-SINGLE
CNCL,CANCELLATION-SINGLE
CNI,CASH SALE
CNSL/,AGREEMENT
CNSL/AGM,AGREEMENT
CNT,CONTRACT
CNT &,CONTRACT
CNT AGM,CONTRACT
CNT AGR,CONTRACT
CNT LSE,CONTRACT
CNT S,CONTRACT
CNT&,CONTRACT
CNT/,CONTRACT
CNT/ACK,CONTRACT
CNT/ACPT,CONTRACT
CNT/AGR,CONTRACT
CNT/AGRE,CONTRACT
CNT/AGREE,CONTRACT
CNT/ASG,CONTRACT
CNT/BND,CONTRACT
CNT/BOND,CONTRACT
CNT/CANC,CONTRACT
CNT/CHANGE,CONTRACT
CNT/DEED,CONTRACT
CNT/EMPL,CONTRACT
CNT/L,CONTRACT
CNT/LEASE,CONTRACT
CNT/LSE,CONTRACT
CNT/OGM,CONTRACT
CNT/PLAT,CONTRACT
CNT/ROYALT,CONTRACT
CNT/S,CONTRACT
CNT/SALE,CONTRACT
CNV,CASH SALE
CNV &,CASH SALE
CNV/ASG,ASSIGNMENT
CO LSE,LEASE
CO/,NOTICE
CO/AGM,AGREEMENT
CO/AGR,AGREEMENT
CO/LSE,LEASE
CO/OGM,OGM FILING
COB,NOTICE
COB &,NOTICE
COB AGR,AGREEMENT
COB ASG,ASSIGNMENT
COB D,CASH SALE
COB OGM,OGM FILING
COB/560,CASH SALE
COB/ACPT,ACCEPTANCE
COB/ADD,NOTICE
COB/ASG,ASSIGNMENT
COB/DEED,CASH SALE
COB/OGM,OGM FILING
COB/PLAT,MAP OR PLAT
COB/PROD,NOTICE 
COB/RAT,RATIFICATION
COB/ROW,RIGHT OF WAY
COB/TRST,TRUST
COB/TRUS,TRUST
COLAT,NOTICE
COLESR,NOTICE
COLL/MTG,MORTGAGE
COLLASG,ASSIGNMENT
CO-LSE,LEASE
COM,NOTICE
COM &,ASSIGNMENT
COM ASG,ASSIGNMENT
COM P,NOTICE
COM/ASG,ASSIGNMENT
COM/LSE,LEASE
COMM #1,NOTICE
COMM WD,NOTICE
COMM/,NOTICE
COMM/LSE,LEASE
COMPLAIN,NOTICE
COMPLETION,NOTICE
COMPRO,NOTICE
COMPROMS,NOTICE
CON,NOTICE
CON-,NOTICE
CON/ASG,ASSIGNMENT
CON/EXT/OG,OGM FILING
CONCUR,NOTICE
CONCURR,NOTICE
CONDEMNAT,NOTICE
CONFESS,NOTICE
CONFIRM,NOTICE
CONFIRMATI,NOTICE
CONS/AGR,AGREEMENT
CONS/JDG,JUDGMENT
CONSASG,ASSIGNMENT
CONSENT,JUDGMENT
CON-SENT,JUDGMENT
CONSIGNMENT AGREEMENT,AGREEMENT
CONST,AGREEMENT
CONST-,OATH OF OFFICE
CONSTAB,OATH OF OFFICE
CONSTABL,OATH OF OFFICE
CONSTBLE,OATH OF OFFICE
CONT,CONTINUATION
CONT &,CONTINUATION
CONTINUATI,CONTINUATION
CONTINUATION,CONTINUATION
CONTINUTIO,CONTINUATION
CONTRACT,CONTRACT
CONTRACT AGREEMENT,CONTRACT
CONTRACT FOR DEED,CONTRACT
CONTRIBU,NOTICE
CONTRIBUTI,NOTICE
CONTRIBUTION,NOTICE
CONV,NOTICE
CONV/OGM,OGM FILING
CONV/PROD,NOTICE
CONVERSION,NOTICE
CONVEY,CASH SALE
CONVEYAN,CASH SALE
CONVEYANCE,CASH SALE
CONVY,CASH SALE
COPY,NOTICE
COPY/DEED,CASH SALE
COPY/OATH,OATH OF OFFICE
COR,CORRECTION
COR AMD,CORRECTION
COR ASG,CORRECTION
COR D,CORRECTION
COR DON,CORRECTION
COR M/D,CORRECTION
COR MTG,CORRECTION
COR OGM,CORRECTION
COR OPT,CORRECTION
COR PAR,CORRECTION
COR R/D,CORRECTION
COR S/D,CORRECTION
COR/,CORRECTION
COR/AGR,CORRECTION
COR/AMD,CORRECTION
COR/AOI,CORRECTION
COR/AS,CORRECTION
COR/ASG,CORRECTION
COR/COR,CORRECTION
COR/CPS,CORRECTION
COR/CRS,CORRECTION
COR/D,CORRECTION
COR/DATN,CORRECTION
COR/DEED,CORRECTION
COR/DLC,CORRECTION
COR/DON,CORRECTION
COR/FTL,CORRECTION
COR/JDG,CORRECTION
COR/JPOS,CORRECTION
COR/LIEN,CORRECTION
COR/LSE,CORRECTION
COR/MTG,CORRECTION
COR/N,CORRECTION
COR/NAME,CORRECTION
COR/NO,CORRECTION
COR/NOTE,CORRECTION
COR/O,CORRECTION
COR/OGM,CORRECTION
COR/PART,CORRECTION
COR/PLAT,CORRECTION
COR/POSS,CORRECTION
COR/PTR,CORRECTION
COR/R/D,CORRECTION
COR/RAT,CORRECTION
COR/REL,CORRECTION
COR/REST,CORRECTION
COR/ROW,CORRECTION
COR/RSL,CORRECTION
COR/S/D,CORRECTION
COR/SALE,CORRECTION
COR/SEIZ,CORRECTION
COR/TAX,CORRECTION
COR-A/D,CORRECTION
CORECT/D,CORRECTION
COR-M/D,CORRECTION
CORNER,OATH OF OFFICE
CORONER,OATH OF OFFICE
CORR,CORRECTION
CORR M/D,CORRECTION
CORR S/D,CORRECTION
CORR/ADJ,CORRECTION
CORR/AFT,CORRECTION
CORR/AGREE,CORRECTION
CORR/AMEND,CORRECTION
CORR/ASG,CORRECTION
CORR/CORR,CORRECTION
CORR/CPS,CORRECTION
CORR/CRS,CORRECTION
CORR/CTF/TRUST AGREEMENT,CORRECTION
CORR/DECL,CORRECTION
CORR/DEE,CORRECTION
CORR/DEED,CORRECTION
CORR/DON,CORRECTION
CORR/DONA,CORRECTION
CORR/EXC,CORRECTION
CORR/EXCH,CORRECTION
CORR/EXCHA,CORRECTION
CORR/JPOSS,CORRECTION
CORR/LSE,CORRECTION
CORR/MD,CORRECTION
CORR/MIN,CORRECTION
CORR/MIN/D,CORRECTION
CORR/MTG,CORRECTION
CORR/NC,CORRECTION
CORR/OGM,CORRECTION
CORR/PA,CORRECTION
CORR/PART,CORRECTION
CORR/PARTI,CORRECTION
CORR/PTR,CORRECTION
CORR/QCD,CORRECTION
CORR/RDP,CORRECTION
CORR/RELEA,CORRECTION
CORR/RNS,CORRECTION
CORR/RSL,CORRECTION
CORR/RSNC,CORRECTION
CORR/SALE,CORRECTION
CORR/SEIZU,CORRECTION
CORR/SHER,CORRECTION
CORRCET,CORRECTION
CORRECT,CORRECTION
CORRECTED JDG/POSS,CORRECTION
CORRECTION,CORRECTION
CORRETION,CORRECTION
COR-S/D,CORRECTION
COR-T/D,CORRECTION
COUNCIL,OATH OF OFFICE
COUNT,COUNTER LETTER
COV/NOTIFI,RESTRICTIONS
COV/REST,RESTRICTIONS
COVENANT,RESTRICTIONS
COVENANTS,RESTRICTIONS
CPA,AGREEMENT
CPL,PARTITION
CPS,COMMUNITY PROPERTY SETTLEMENT
CPS AMD,COMMUNITY PROPERTY SETTLEMENT
CPS/CAN,COMMUNITY PROPERTY SETTLEMENT
CPS/CORR,COMMUNITY PROPERTY SETTLEMENT
CPS/JDG,COMMUNITY PROPERTY SETTLEMENT
CPS/PTR,COMMUNITY PROPERTY SETTLEMENT
CPS/SAT,COMMUNITY PROPERTY SETTLEMENT
CQD,QUIT CLAIM
CRD,CREDIT SALE
CRDT,CREDIT SALE
CREDIT,CREDIT SALE
CRLTN,CASH SALE
CROP/LSE,LEASE
CRS,CREDIT SALE
CRS  MTG,CREDIT SALE
CRS #3,CREDIT SALE
CRS #4,CREDIT SALE
CRS #5,CREDIT SALE
CRS #6,CREDIT SALE
CRS &,CREDIT SALE
CRS & CM,CREDIT SALE
CRS &CM,CREDIT SALE
CRS A/D,CREDIT SALE
CRS C,CREDIT SALE
CRS CM,CREDIT SALE
CRS MTG,CREDIT SALE
CRS PLAT,CREDIT SALE
CRS S/D,CREDIT SALE
CRS W/D,CREDIT SALE
CRS&,CREDIT SALE
CRS&A/D,CREDIT SALE
CRS&MTG,CREDIT SALE
CRS/,CREDIT SALE
CRS/#1,CREDIT SALE
CRS/&,CREDIT SALE
CRS/&MTG,CREDIT SALE
CRS/A D,CREDIT SALE
CRS/A/D,CREDIT SALE
CRS/-A/D,CREDIT SALE
CRS/AD,CREDIT SALE
CRS/AMD,CREDIT SALE
CRS/CM,CREDIT SALE
CRS/COR,CORRECTION
CRS/CORR,CORRECTION
CRS/D,CREDIT SALE
CRS/DEED,CREDIT SALE
CRS/MTG,CREDIT SALE
CRS/PLAT,CREDIT SALE
CRS/PLT,CREDIT SALE
CRS/RTF,CREDIT SALE
CRS/SUBD,CREDIT SALE
CRS/VP,CREDIT SALE
CRS/W,CREDIT SALE
CRS/W/D,CREDIT SALE
CRS+A/D,CREDIT SALE
CRS-A/D,CREDIT SALE
CRSD,CREDIT SALE
CRSDCRS,CREDIT SALE
CRT,CERTIFICATE
CS,JUDGMENT
CSD,CREDIT SALE
CST/JDG,JUDGMENT
CTF,CERTIFICATE
CTF OF,CERTIFICATE
CTF/,CERTIFICATE
CTF/AMD,CERTIFICATE
CTF/ASG,CERTIFICATE
CTF/ASSUME,CERTIFICATE
CTF/AUTHOR,CERTIFICATE
CTF/AUTHORITY,CERTIFICATE
CTF/CAN,CERTIFICATE
CTF/COMP,CERTIFICATE
CTF/DISCHG,CERTIFICATE
CTF/FTL,CERTIFICATE
CTF/INCUMB,CERTIFICATE
CTF/INS,CERTIFICATE
CTF/LIQ,CERTIFICATE
CTF/LTD,CERTIFICATE
CTF/MERGER,CERTIFICATE
CTF/NAME,CERTIFICATE
CTF/P,CERTIFICATE
CTF/PART,CERTIFICATE
CTF/RATIFI,CERTIFICATE
CTF/RDMP,CERTIFICATE
CTF/RDP,CERTIFICATE
CTF/REL,CERTIFICATE
CTF/RSL,CERTIFICATE
CTF/SBRG,CERTIFICATE
CTF/SUB,CERTIFICATE
CTF/TRUST,CERTIFICATE
CTF/WILL,CERTIFICATE
CTG,CERTIFICATE
CTI,CERTIFICATE
CTM,CERTIFICATE
CTS/RSL,RESOLUTION
CURATOR,NOTICE
CUSTODY,NOTICE
D,CASH SALE
D   A/D,CASH SALE
D   PLAT,MAP OR PLAT
D   RSL,RESOLUTION
D &,CASH SALE
D & MTG,MORTGAGE
D A/D,CASH SALE
D D,NOTICE
D EN,NOTICE
D L N,CASH SALE
D MTG,MORTGAGE
D PLT,MAP OR PLAT
D SEE,NOTICE
D W,NOTICE
D W/,NOTICE
D W/PL,MAP OR PLAT
D&AGM,AGREEMENT
D&ASG,ASSIGNMENT
D&DON,DONATION
D&MTG,MORTGAGE
D&PLT,MAP OR PLAT
D&RSL,RESOLUTION
D/,CASH SALE
D/  MTG,MORTGAGE
D/  PLAT,MAP OR PLAT
D/  RSL,RESOLUTION
D/A,CASH SALE
D/A/D,CASH SALE
D/AFT,AFFIDAVIT
D/AGR,AGREEMENT
D/AOC,CORRECTION
D/ASG O/R,CASH SALE
D/CM,NOTICE
D/CNC,CONTRACT
D/CNC/,CONTRACT
D/CTF,CERTIFICATE
D/DONATION,DONATION
D/EHD,EXCHANGE 
D/EXCHANGE,EXCHANGE 
D/IN/TRT,CASH SALE
D/J,JUDGMENT
D/JDG,JUDGMENT
D/MTG,MORTGAGE
D/OGM,OGM FILING
D/P,PARTITION
D/P/A,CASH SALE
D/PART,PARTITION
D/PLAT,MAP OR PLAT
D/PLT,MAP OR PLAT
D/REL,RESOLUTION
D/RES,RESOLUTION
D/ROW,RIGHT OF WAY
D/RSL,RESOLUTION
D/T,NOTICE
D/T &,NOTICE
D/T MTG,MORTGAGE
D/T&,CASH SALE
D/TRUST,CASH SALE
D/W,CASH SALE
D/W P/A,DATION EN PAIMENT
D/W PLAT,DATION EN PAIMENT
DA EN,DATION EN PAIMENT
DA IN-,DATION EN PAIMENT
DA/,DATION EN PAIMENT
DAT EN,DATION EN PAIMENT
DAT PAI,DATION EN PAIMENT
DATIO,DATION EN PAIMENT
DATION,DATION EN PAIMENT
DATION EN PAIEMENT,DATION EN PAIMENT
DATION/PTR,DATION EN PAIMENT
DATON,DATION EN PAIMENT
DCL,DECLARATION
DCL/PLAT,DECLARATION
DCL/POOL,DECLARATION
DCR,DECLARATION
DCR/ASG,DECLARATION
DD 214,MILITARY DISCHARGE
DD-214,MILITARY DISCHARGE
DDL,MILITARY DISCHARGE
DE EN,DATION EN PAIMENT
DE IMMOBIL,IMMOBILATION
DE/IMMOBIL,IMMOBILATION
DEBTOR,NOTICE
DEBTORS,NOTICE
DECL,DECLARATION
DECLA,DECLARATION
DECLAR,DECLARATION
DECLAR/ASG,DECLARATION
DECLARA,DECLARATION
DECLARATIO,DECLARATION
DECLARATION,DECLARATION
DECLARATION DEIMMOBILIZATION,DE-IMMOBILIZATION
DECLARATION IMMOBILIZATION,IMMOBILIZATION
DECLARE,DECLARATION
DECLN,DECLARATION
DECREE,AGREEMENT
DED,CASH SALE
DED/PLAT,DEDICATION
DEDCA,DEDICATION
DEDICA,DEDICATION
DEDICATE,DEDICATION
DEDICATION,DEDICATION
DEDICATN,DEDICATION
DEE/MTG,MORTGAGE
DEE/REST,CASH SALE
DEED,CASH SALE
DEED & ASSIGNMENT,ASSIGNMENT
DEED CNT,CONTRACT
DEED CONSOLIDATION,CASH SALE
DEED/AGR,CASH SALE
DEED/AGREE,CASH SALE
DEED/AOC,CASH SALE
DEED/ASG,CASH SALE
DEED/ASGN,CASH SALE
DEED/CNT,CASH SALE
DEED/COB,CASH SALE
DEED/CONTRIBUTION,CASH SALE
DEED/CONV,CASH SALE
DEED/COR,CASH SALE
DEED/CORR,CORRECTION
DEED/DON,DONATION
DEED/DONA,DONATION
DEED/DONAT,DONATION
DEED/EXC,EXCHANGE
DEED/MTG,MORTGAGE
DEED/OGM,OGM FILING
DEED/OPT,OPTION 
DEED/OPTIO,OPTION 
DEED/ORD,ORDINANCE
DEED/PARTI,PARTITION
DEED/PLA,MAP OR PLAT
DEED/PLT,MAP OR PLAT
DEED/RAT,RATIFICATION
DEED/REST,RESTRICTIONS
DEED/RESTI,RESTRICTIONS
DEED/RESTR,RESTRICTIONS
DEED/RIST,RESTRICTIONS
DEED/RISTR,RESTRICTIONS
DEED/ROW,RIGHT OF WAY
DEED/ROYAL,NOTICE
DEED/RSL,RESOLUTION
DEED/RST,RESTRICTIONS
DEED/SERV,SERVITUDE
DEED/SERVI,SERVITUDE
DEED/TIMBE,NOTICE
DEED/TRT,TRUST 
DEED/TRUST,TRUST 
DEED/W,NOTICE
DEED`,CASH SALE
DEED-P/A,CASH SALE
DEES,CASH SALE
DEF JDGT,JUDGMENT
DEF JUDG,JUDGMENT
DEF/J,JUDGMENT
DEGREE,JUDGMENT
DEIMMO/IMM,DE-IMMOBILIZATION
DEIMMOBILI,DE-IMMOBILIZATION
DEIMMOBILIZATION,DE-IMMOBILIZATION
DELCLARA,DECLARATION
DELCLARE,DECLARATION
DELEGATION,NOTICE
DELIVERY,NOTICE
DEM COMM,NOTICE
DEM-COMM,NOTICE
DEMO,DE-IMMOBILIZATION
DEMO-,DE-IMMOBILIZATION
DEMOBLIZAT,DE-IMMOBILIZATION
DENTAL,OATH OF OFFICE
DEP,DATION EN PAIMENT
DEPO,NOTICE
DEPOS-,NOTICE
DEPOSIT,NOTICE
DEPUTY,OATH OF OFFICE
DEPY TAX,OATH OF OFFICE
DES,NOTICE
DES OGM,OGM FILING
DES/ACS,NOTICE
DES/SUCC,NOTICE
DESCRIPTIO,NOTICE
DESCRIPTIV,NOTICE
DESIG,NOTICE
DESIGN,NOTICE
DESIGNA,NOTICE
DESIGNATIO,NOTICE
DESIGNATION,NOTICE
DHC,DECLARATION
D-IMM/DEED,DE-IMMOBILIZATION
DIMMOBILI,DE-IMMOBILIZATION
DIRECTIVE,NOTICE
DIS,MILITARY 
DIS-,MILITARY
DIS CERT,CERTIFICATE
DIS&,AGREEMENT
DIS/ACS,NOTICE
DIS/CHG,MILITARY DISCHARGE
DIS/CHGG,MILITARY DISCHARGE
DIS/CNT,CONTRACT
DIS/UNIT,MILITARY DISCHARGE
DISC,DISCHARGE
DISCH,DISCHARGE
DISCH-,DISCHARGE
DISCH/,DISCHARGE
DISCHAR,DISCHARGE
DISCHARG,DISCHARGE
DISCHARGE,DISCHARGE
DISCHE,DISCHARGE
DISCHG,DISCHARGE
DISCHRG,DISCHARGE
DISCHRGE,DISCHARGE
DISCL,NOTICE
DISCLA,NOTICE
DISCLAIM,NOTICE
DISCLAIMER,NOTICE
DISCLM,NOTICE
DIS-CLMR,DISSOLUTION
DISM/JDG,JUDGMENT
DISM/ORDER,ORDER
DISMIS,NOTICE
DISMISS,NOTICE
DISMISSAL,NOTICE
DISMISSSAL,NOTICE
DISS,NOTICE
DISSMISSAL,NOTICE
DISSOL,DISSOLUTION
DISSOLUT,DISSOLUTION
DISSOLUTIO,DISSOLUTION
DISSOLUTION,DISSOLUTION
DISSOLVE,DISSOLUTION
DISSOULTIO,DISSOLUTION
DIST,DISSOLUTION
DIST JDG,OATH OF OFFICE
DIST/DEED,CASH SALE
DIST/PARTN,PARTITION
DIST/TRUST,TRUST
DISTRIBU,NOTICE
DISTRIBUTI,NOTICE
DISTRIBUTION,NOTICE
DIV,NOTICE
DIVISION,NOTICE
DIVORCE,JUDGMENT
DLC,DECLARATION
DLC/,DECLARATION
DLC/PLAT,MAP OR PLAT
DLC/POOL,NOTICE
DLN,DECLARATION
DLN AMD,AMENDMENT 
DLN H/D,DECLARATION
DLN OF,NOTICE
DLN OGM,OGM FILING
DLN PAG,NOTICE
DLN PDC,NOTICE
DLN PLAT,MAP OR PLAT
DLN UNIT,NOTICE
DLN/,DECLARATION
DLN/ACS,NOTICE
DLN/AGR,AGREEMENT
DLN/ASG,ASSIGNMENT
DLN/CPS,CREDIT SALE
DLN/H,NOTICE
DLN/INT,NOTICE
DLN/MINS,NOTICE
DLN/NULL,NOTICE
DLN/OGM,OGM FILING
DLN/PLAT,MAP OR PLAT
DLN/PLT,MAP OR PLAT
DLN/POOL,NOTICE
DLN/TRST,TRUST
DLN/UNIT,NOTICE
DLT,DECLARATION
DLU,DECLARATION
DOCTER,OATH OF OFFICE
DOCTOR,ORDER
DOCTORS,ORDER
DOCTOR'S,ORDER
DOCTRINE,ORDER
DON,DONATION
DON COR,DONATION
DON MIN,DONATION
DON OGM,DONATION
DON RUST,DONATION
DON&ROW,DONATION
DON/A/D,DONATION
DON/ACPT,DONATION
DON/AOI,DONATION
DON/COR,DONATION
DON/CORR,DONATION
DON/DECL,DONATION
DON/EHD,DONATION
DON/MIN,DONATION
DON/MINS,DONATION
DON/MTG,DONATION
DON/OGM,DONATION
DON/PART,DONATION
DON/PLAT,DONATION
DON/R/D,DONATION
DON/SALE,DONATION
DON/TRST,DONATION
DON/TRUST,DONATION
DON/USFR,DONATION
DON/USUF,DONATION
DONA-,DONATION
DONA/ASSUM,DONATION
DON-A/D,DONATION
DONAT,DONATION
DONATION,DONATION
DONATION W/ASSP,DONATION
DONATION/MI,DONATION
DONATN,DONATION
DONATON,DONATION
DONTATION,DONATION
DONVEYANCE,DONATION
DSC,DECLARATION
DSCLMR,DECLARATION
DSGNTN,ASSIGNMENT
DT  MTG,MORTGAGE
DT&,NOTICE
DTA,NOTICE
DTA&,NOTICE
DTION,NOTICE
DW/J,NOTICE
DW/PLT,NOTICE
DWM,NOTICE
DY,NOTICE
DY/,NOTICE
E,NOTICE
E&PLT,SERVITUDE
E/A,SERVITUDE
EASE/RW,SERVITUDE
EASEMENT,SERVITUDE
EASEMENT DEED,SERVITUDE
EASEMENT DEED IN PERPETUITY,SERVITUDE
EASEMENT/D,SERVITUDE
EASEMENTS,SERVITUDE
EASMT,SERVITUDE
EEHD,SERVITUDE
EHD,SERVITUDE
EHD A/D,SERVITUDE
EHD DON,SERVITUDE
EHD PLAT,SERVITUDE
EHD/A/D,SERVITUDE
EHD/AGR,SERVITUDE
EHD/CAN,SERVITUDE
EHD/CRS,SERVITUDE
EHD/NOTE,SERVITUDE
EHD/PLAT,SERVITUDE
EHD/ROW,SERVITUDE
EHD/SALE,SERVITUDE
EHG,SERVITUDE
EHG/DEED,SERVITUDE
ELEC,NOTICE
ELECTION,NOTICE
ELECTION RESULTS,NOTICE
ELECTION RETURNS,NOTICE
ELECTIONS,NOTICE
EMANCIP,EMANCIPATION
EMANCIPA,EMANCIPATION
EMANCIPATI,EMANCIPATION
EMANCIPN,EMANCIPATION
EMP/AGR,EMANCIPATION
EMP/CNT,EMANCIPATION
EMPL/,EMANCIPATION
EMPL/CNT,NOTICE
EMPY/CNT,NOTICE
END/ASG,NOTICE
ENDORSE,NOTICE
ENDORSEMEN,NOTICE
EQ/LSE,LEASE
EQUIP,LEASE
ERROR,NOTICE
EST OF,NOTICE
EST/OGM,NOTICE
ESTATE,NOTICE
EX-,EXCHANGE
EXC,EXCHANGE
EXC/ASG/SA,EXCHANGE
EXCH,EXCHANGE
EXCHANGE,EXCHANGE
EXCHANGE & CREDIT SALE,EXCHANGE
EXCHNG,EXCHANGE
EXD,EXCHANGE
EXD/CON,EXCHANGE
EXEC,EXCHANGE
EXECUT,EXCHANGE
EXEMPTION,NOTICE
EXHANGE,EXCHANGE
EXHIBIT B,NOTICE
EXPROPRIAT,EXPROPRIATION
EXT,NOTICE
EXT LSE,LEASE
EXT OF,NOTICE
EXT OGM,NOTICE
EXT SRL,NOTICE
EXT/,NOTICE
EXT/AGRI,NOTICE
EXT/CNT,NOTICE
EXT/DONATI,NOTICE
EXT/JDG,NOTICE
EXT/J-P,NOTICE
EXT/LEASE,NOTICE
EXT/LSE,LEASE
EXT/NOTE,NOTE
EXT/O&G,NOTICE
EXT/OGM,NOTICE
EXT/OGM/LEASE,OGM LEASE
EXT/OGN,OGM LEASE
EXT/POSS,NOTICE
EXT/TRUS,TRUST
EXT/TRUST,TRUST
EXTENSIO,NOTICE
EXTENSION,NOTICE
EXTINCT,NOTICE
EXTRACT,NOTICE
EXTRACT TR,NOTICE
EXTRACT/DONATION,DONATION
F T L,TAX LIEN
F/LS,LEASE
F/LSE,LEASE
F/S,NOTICE
FACSIMILE MULT/INDEBTED/MTG,MORTGAGE
FARM LEASE,LEASE
FARM LS,LEASE
FARM LSE,LEASE
FARM/,LEASE
FARM/AGR,LEASE
FARM/LSE,LEASE
FARMLS,LEASE
FARMLSE,LEASE
FARMOUT,LEASE
FED,NOTICE
FI FA,NOTICE
FIFA,NOTICE OF SEIZURE
FIN,NOTICE
FIN/STMT,NOTICE
FINAL,NOTICE
FINAL INSPECTION,NOTICE
FINAN/STAT,NOTICE
FIRST AMENDMENT,AMENDMENT 
FISH/LSE,LEASE
FIX/FILING,UCC-1
FIXTURE FILING,UCC-1
FORM,NOTICE
FRAN-,NOTICE
FTL,TAX LIEN - IRS
FTL/COR,TAX LIEN - IRS
FTL/REL,TAX LIEN - IRS
GARNISHMENT,NOTICE OF SEIZURE
GEN P/A,POWER OF ATTORNEY
GENERAL POWER OF ATTORNEY,POWER OF ATTORNEY
GIVING,NOTICE
GM,OGM FILING
GND/LSE,LEASE
GRANT,NOTICE
GRANT/CONV,NOTICE
GRANT/RW,RIGHT OF WAY
GRANT/USUF,USUFRUCT
GRAZ/LSE,LEASE
GRI/LSE,LEASE
GUARANTEE,RELEASE
GUARDIAN,NOTICE
GUARDIANSH,NOTICE
H,DECLARATION
H/A,DECLARATION
H/CP/,DECLARATION
H/LSE,LEASE
HABIT,DECLARATION
HABITAT,DECLARATION
HABITATION,DECLARATION
HEIR/AFT,AFFIDAVIT
HEIRSHIP,AFFIDAVIT
HMSTD,DECLARATION
HNTING,LEASE
HOLD/AGR,AGREEMENT
HTG/LSE,LEASE
HTNG/LSE,LEASE
HUNT/LSE,LEASE
HUNTLSE,LEASE
HUNTNG,LEASE
HWY/SFTY,LEASE
HYDRO/LSE,LEASE
I&C,LEASE
IATH,OATH OF OFFICE
IDEMNIFY,NOTICE
IDENTIFI,AFFIDAVIT OF IDENTITY
IDENTITY,AFFIDAVIT OF IDENTITY
IMMOBILE,IMMOBILIZATION
IMMOBILIZA,IMMOBILIZATION
IMMOBILIZATION,IMMOBILIZATION
IMMOBILIZI,IMMOBILIZATION
IMMOBILZAT,IMMOBILIZATION
IMMOBIZATI,IMMOBILIZATION
INC/MTG,MORTGAGE
INCOPR,LEASE
INCORP,LEASE
IND/TRT,TRUST
INDENT,SUPPLEMENTAL
INDENTUR,SUPPLEMENTAL
INDENTURE,SUPPLEMENTAL
INDENTURE 81ST,ORDER
INDIGENT,OATH OF OFFICE
INITIAL,NOTICE
INITL,NOTICE
INSPECTION,NOTICE
INTER,INTERDICTION
INTERDIC,INTERDICTION
INTERDICITION,INTERDICTION
INTERDICTI,INTERDICTION
INTERDICTION,INTERDICTION
INTEREDICT,INTERDICTION
INTOXILYZE,INTOXILIZER
INTOXILYZER,INTOXILIZER
INVENT,NOTICE
INVENTORY,NOTICE
INVENTRY,NOTICE
INVEST-,OATH OF OFFICE
INVESTI-,OATH OF OFFICE
INVTRY,NOTICE
J,JUDGMENT
J   RULE,JUDGMENT
J INREM,JUDGMENT
J OF,JUDGMENT
J OF P,JUDGMENT
J OF POSS,JUDGMENT
J OFPOS,JUDGMENT
J OFPOSS,JUDGMENT
J OFRULE,JUDGMENT
J ON,JUDGMENT
J ONRULE,JUDGMENT
J P WARD,JUDGMENT
J POSS,JUDGMENT
J TO,JUDGMENT
J/ABS,JUDGMENT
J/BOND,JUDGMENT
J/CNT,JUDGMENT
J/CORR,JUDGMENT
J/DISMIS,JUDGMENT
J/DIV,JUDGMENT
J/DIVORCE,JUDGMENT
J/MONITION,JUDGMENT
J/NAME,JUDGMENT
J/P,JUDGMENT
J/P WARD,JUDGMENT
J/P WD#1,JUDGMENT
J/P WD4&,JUDGMENT
J/P/CORR,JUDGMENT
J/P[OSS,JUDGMENT
J/P0SS,JUDGMENT
J/PARTITIO,JUDGMENT
J/POS,JUDGMENT
J/POSS,JUDGMENT
J/POSS/AMD,JUDGMENT
J/POSS/DIS,JUDGMENT
J/POSS`,JUDGMENT
J/REVIVAL,JUDGMENT
J/SUCC,JUDGMENT
J/TAX,JUDGMENT
JAILER,OATH OF OFFICE
JD OF,JUDGMENT
JDG,JUDGMENT
JDG /POSS,JUDGMENT
JDG CITY,OATH OF OFFICE
JDG IN REM,JUDGMENT
JDG OF,JUDGMENT
JDG ON,JUDGMENT
JDG/AMD,JUDGMENT
JDG/AMEND,JUDGMENT
JDG/ASG,JUDGMENT
JDG/CAN,JUDGMENT
JDG/CNST,JUDGMENT
JDG/CONFIR,JUDGMENT
JDG/COR,JUDGMENT
JDG/CORR,JUDGMENT
JDG/CPS,JUDGMENT
JDG/DISMIS,JUDGMENT
JDG/DISSMI,JUDGMENT
JDG/DIVO,JUDGMENT
JDG/DIVORC,JUDGMENT
JDG/EXP,JUDGMENT
JDG/GARNIS,JUDGMENT
JDG/INTERD,JUDGMENT
JDG/INTERDICTION,JUDGMENT
JDG/JPOSS,JUDGMENT
JDG/LIEN,JUDGMENT
JDG/MDFY,JUDGMENT
JDG/ORDER,JUDGMENT
JDG/P0SS,JUDGMENT
JDG/PARTIAL POSS,JUDGMENT
JDG/PARTIT,JUDGMENT
JDG/POS,JUDGMENT
JDG/POSS,JUDGMENT
JDG/PTR,JUDGMENT
JDG/REL,JUDGMENT
JDG/REM,JUDGMENT
JDG/REV,JUDGMENT
JDG/REVIV,JUDGMENT
JDG/REVIVA,JUDGMENT
JDG/REVIVAL,JUDGMENT
JDG/REVIVE,JUDGMENT
JDG/REVIVI,JUDGMENT
JDG/RNSC,JUDGMENT
JDG/RULE,JUDGMENT
JDG/RVSD,JUDGMENT
JDG/S,JUDGMENT
JDG/SALE,JUDGMENT
JDG/SEP,JUDGMENT
JDG/SEPA,JUDGMENT
JDG/SEQ,JUDGMENT
JDG/SEQU,JUDGMENT
JDG/STAY,JUDGMENT
JDG/SUCC,JUDGMENT
JDG/TAX,JUDGMENT
JDGT,JUDGMENT
JDJ/POSS,JUDGMENT
JDT/PTR,JUDGMENT
JGD,JUDGMENT
JGD/ASG,JUDGMENT
JGT,JUDGMENT
JIN,JUDGMENT
JJ,JUDGMENT
JOB,CONTRACT
JOIN/MODIF,NOTICE
JONT/ASG,ASSIGNMENT
JOP,JUDGMENT OF POSSESSION
JPOSS,JUDGMENT OF POSSESSION
JRY COMM,OATH OF OFFICE
JSG/POSS,JUDGMENT OF POSSESSION
JUD/POSS,JUDGMENT OF POSSESSION
JUDG,JUDGMENT
JUDG/,JUDGMENT
JUDGE,JUDGMENT
JUDGE-,JUDGMENT
JUDGMENT,JUDGMENT
JUDGMT,JUDGMENT
JURY,OATH OF OFFICE
JUSTICE,OATH OF OFFICE
L,LEASE
L/DEED,CASH DEED
L/N,LIEN
L/P,LIS PENDENS
L/P RNS/J,LIS PENDENS
L/P -RNSC,LIS PENDENS
L/P RNSC/J,LIS PENDENS
L/PENDEN,LIS PENDENS
L/PS,LIS PENDENS
L/S,LIS PENDENS
LA-,NOTICE
LA BOARD,NOTICE
LA HWY,NOTICE
LA STATE,NOTICE
LA-AUC-,NOTICE
LABOR LIEN,LIEN
LAF,NOTICE
LAM,LEASE
LAW,NOTICE
LBL,AFFIDAVIT
LBR LN,LIEN
LBR&,AFFIDAVIT
LEASE,LEASE
LEASE /AGR,LEASE
LEASE O/G,LEASE
LEASE O/G/,LEASE
LEASE O/G/M,LEASE
LEASE OIL GAS & MINERALS,LEASE
LEASE/ OGM,LEASE
LEASE/0GM,LEASE
LEASE/AGR,LEASE
LEASE/AGRE,LEASE
LEASE/AGRI,LEASE
LEASE/AMD,LEASE
LEASE/AMEN,LEASE
LEASE/ASG,LEASE
LEASE/ASGN,LEASE
LEASE/EXT,LEASE
LEASE/HUNT,LEASE
LEASE/OG,LEASE
LEASE/OGM,LEASE
LEASE/OPT,LEASE
LEASE/OPTI,LEASE
LEASE/PURC,LEASE
LEASE/PURCHASE,LEASE
LEASE/REST,LEASE
LEGACY,NOTICE
LEGAL DESCRIPTION,NOTICE
LEIN,LIEN
LEIN/OGM,LIEN
LES/CROP,NOTICE
LES/OPT,LEASE
LES/REL,LEASE
LETTER,NOTICE
LETTER/AGR,NOTICE
LETTER/WIL,NOTICE
LETTERS,NOTICE
LICENSE,NOTICE
LIEN,LIEN
LIEN AFFIDAVIT,LIEN
LIEN.OGM,LIEN
LIEN/,LIEN
LIEN/AFT,LIEN
LIEN/AGR,LIEN
LIEN/AMD,LIEN
LIEN/ASG,LIEN
LIEN/CAN,LIEN
LIEN/MTL,LIEN
LIEN/NOTIC,LIEN
LIEN/OGM,LIEN
LIEN/OOGM,LIEN
LIEN/REL,LIEN
LIENCNT,LIEN
LIENOGM,LIEN
LIENSTL,LIEN
LIMITED P/A,POWER OF ATTORNEY
LINE,NOTICE
LINE/OGM,OGM FILING
LIQ/DEED,NOTICE
LIQUI-,NOTICE
LIQUID,NOTICE
LIQUIDAT,NOTICE
LIQUIDATIO,NOTICE
LIS,LIS PENDENS
LIS PEN,LIS PENDENS
LIS PEND,LIS PENDENS
LIS PENDEN,LIS PENDENS
LIS PENDENS,LIS PENDENS
LIS PENS,LIS PENDENS
LIS/PEN,LIS PENDENS
LIS/PEND,LIS PENDENS
LIS/PENDEN,LIS PENDENS
LIST,NOTICE
LIST/AGR,AGREEMENT
LML,NOTICE
LOAN/,NOTICE
LOCAL CHURCH GOVERNMENT,NOTICE
LSE,LEASE 
LSE AGM,LEASE
LSE AGR,LEASE
LSE AMD,LEASE
LSE ASG,LEASE
LSE FARM,LEASE
LSE MTG,LEASE
LSE OPT,LEASE
LSE RTF,LEASE
LSE SUBD,LEASE
LSE SUPP,LEASE
LSE/,LEASE
LSE/AGM,LEASE
LSE/AGR,LEASE
LSE/AGRE,LEASE
LSE/AGREE,LEASE
LSE/AMD,LEASE
LSE/ASG,LEASE
LSE/CAN,LEASE
LSE/CM,LEASE
LSE/CNT,LEASE
LSE/COM,LEASE
LSE/COMM,LEASE
LSE/CROP,LEASE
LSE/EQ,LEASE
LSE/EQUP,LEASE
LSE/EXT,LEASE
LSE/FARM,LEASE
LSE/GAS,LEASE
LSE/HUNT,LEASE
LSE/MTG,LEASE
LSE/OGM,LEASE
LSE/OP,LEASE
LSE/OPT,LEASE
LSE/OPTION,LEASE
LSE/OPTN,LEASE
LSE/PLAT,LEASE
LSE/POLL,LEASE
LSE/PUR,LEASE
LSE/PURC,LEASE
LSE/PURH,LEASE
LSE/REL,LEASE
LSE/RENT,LEASE
LSE/SALE,LEASE
LSE/SELL,LEASE
LSE/TANK,LEASE
LTD,LEASE
LTD P/A,LEAE
LTR,NOTICE
LTT,NOTICE
M,NOTICE
M &ASG,ASSIGNMENT
M ASG,ASSIGNMENT
M&ASG,ASSIGNMENT
M/A,AGREEMENT
M/AGREE,AGREEMENT
M/C,CONTRACT
M/CNT,CONTRACT
M/D,MORTGAGE
M/D OGM,OGM FILING
M/DEED,CASH DEED
M/LIEN,LIEN
M/LSASG,LEASE
MANDATE,LEASE
MAP,MAP OR PLAT
MAP/ACPT,MAP OR PLAT
MAR/DEED,CONTRACT
MARRIAGE,CONTRACT
MARRIAGE CONTRACT,MARRIAGE CONTRACT
MARRIAGE LICENSE,MARRIAGE CONTRACT
MARSHALL,OATH OF OFFICE
MASTER AMENDMENT,AMENDMENT
MAT LN,LIEN
MAT&,LIEN
MAT/LIEN,LIEN
MATR/AGREE,MARRIAGE CONTRACT
MATRI/AGRE,MARRIAGE CONTRACT
MATRIMONIAL,MARRIAGE CONTRACT
MAYOR,OATH OF OFFICE
MECH,NOTICE
MEDICAL POWER OF ATTORNEY,POWER OF ATTORNEY
MEETING,NOTICE
MEM BD,OATH OF OFFICE
MEM OGM,OATH OF OFFICE
MEM-#1,OATH OF OFFICE
MEMBER,OATH OF OFFICE
MEM-HOSP,OATH OF OFFICE
MEMO,OATH OF OFFICE
MEMO/AGRE,AGREEMENT
MEMO/ASG,ASSIGNMENT
MEMO/ASGN,ASSIGNMENT
MEMO/LEASE,LEASE
MEMO/O/G/M,OGM FILING
MEMO/OG,OGM FILING
MEMO/OGM,OGM FILING
MEMO/OGM/L,OGM FILING
MEMORANDU,NOTICE
MEMORANDUM,NOTICE
MERGER,MERGER
MG,MERGER
MGL MTG,MORTGAGE
MGL/MTG,MORTGAGE
MGT,NOTICE
MIN,OGM FILING
MIN /DEED,OGM FILING
MIN D,OGM FILING
MIN DEED,OGM FILING
MIN/COB,OGM FILING
MIN/DEED,OGM FILING
MIN/DEED/A,OGM FILING
MIN/LS,LEASE
MIN/MEET,OGM FILING
MIN/MOTION,OGM FILING
MIN/MTG,OGM FILING
MIN/R/DEED,OGM FILING
MINERAL AND ROYALTY DEED,OGM FILING
MINERAL/D,OGM FILING
MINRL,OGM FILING
MINS,OGM FILING
MINUTE,NOTICE
MINUTES,NOTICE
MIS,OGM FILING
MLL,OGM FILING
MLM &,OGM FILING
MNL,OGM FILING
MNL &,OGM FILING
MNL ASG,OGM FILING
MNL MTG,OGM FILING
MNL&,OGM FILING
MNL/ASG,OGM FILING
MNL/MTG,OGM FILING
MOB,MORTGAGE
MOB &,MORTGAGE
MOB/PTR,MORTGAGE
MOD,NOTICE
MOD DON,DONATION
MOD MTG,MORTGAGE
MOD N,MORTGAGE
MOD/AGREE,AGREEMENT
MOD/MTG,MORTGAGE
MOD/REST,MORTGAGE
MODIF/MTG,MORTGAGE
MODIFI,MORTGAGE
MODIFICAT,MORTGAGE
MODIFICATI,MORTGAGE
MODIFICATION,MORTGAGE
MODIFICATION /MTG,MORTGAGE
MODIFICATION/MTG,MORTGAGE
MODIFICIAT,MORTGAGE
MODIFY,MORTGAGE
MOINT,MORTGAGE
MONITION,MORTGAGE
MONTEREY,OATH OF OFFICE
MORTGAGE,MORTGAGE
MORTGAGE MODIFICATION,MORTGAGE
MORTGAGOR,MORTGAGE
MOT/DISM,ORDER
MOTION,ORDER
MOTION & ORDER,ORDER
MOTION TO DISMISS,ORDER
MOTION/DISMISS,ORDER
MOTION/ORD,MERGER
MRG,MERGER
MRG/CM,MERGER
MRG/CNT,MERGER
MRG/REL,MERGER
MRLMN,MERGER
MT/ASG,MORTGAGE
MTG,MORTGAGE
MTG &,MORTGAGE
MTG & CM,MORTGAGE
MTG & LSE,MORTGAGE
MTG & NOTE,MORTGAGE
MTG &ASG,MORTGAGE
MTG &CM,MORTGAGE
MTG /MODIFICATION,MORTGAGE
MTG A/D,MORTGAGE
MTG AFH,MORTGAGE
MTG ASG,MORTGAGE
MTG CM,MORTGAGE
MTG CPS,MORTGAGE
MTG CRS,MORTGAGE
MTG D/T,MORTGAGE
MTG DEP,MORTGAGE
MTG DT,MORTGAGE
MTG LSE,MORTGAGE
MTG MNL,MORTGAGE
MTG MODIFICATION AGREEMENT,MORTGAGE
MTG OGM,MORTGAGE
MTG ON,MORTGAGE
MTG PLAT,MORTGAGE
MTG PTR,MORTGAGE
MTG REIN,MORTGAGE
MTG RSL,MORTGAGE
MTG S/D,MORTGAGE
MTG SUBD,MORTGAGE
MTG&,MORTGAGE
MTG&ASG,MORTGAGE
MTG&ASGN,MORTGAGE
MTG&CM,MORTGAGE
MTG&CRS,MORTGAGE
MTG&D,MORTGAGE
MTG&LSE,MORTGAGE
"MTG,ASG/LE",MORTGAGE
MTG/,MORTGAGE
MTG/2ND,MORTGAGE
MTG/ADJ,MORTGAGE
MTG/AG,MORTGAGE
MTG/AG/ASG,MORTGAGE
MTG/AGR,MORTGAGE
MTG/AGR/AS,MORTGAGE
MTG/AGRE,MORTGAGE
MTG/AGRE/A,MORTGAGE
MTG/AGREE,MORTGAGE
MTG/AGREE/,MORTGAGE
MTG/AGREE/ASGN,MORTGAGE
MTG/AGREE/ASGN/OIL RUNS,MORTGAGE
MTG/AGS,MORTGAGE
MTG/AMD,MORTGAGE
MTG/ASG,MORTGAGE
MTG/ASG/AG,MORTGAGE
MTG/ASG/LE,MORTGAGE
MTG/ASGN,MORTGAGE
MTG/CAN,MORTGAGE
MTG/CM,MORTGAGE
MTG/COB,MORTGAGE
MTG/COR,MORTGAGE
MTG/CORR,MORTGAGE
MTG/D,MORTGAGE
MTG/DEED,MORTGAGE
MTG/DEED TRUST/ASSN,MORTGAGE
MTG/DON,MORTGAGE
MTG/EXT,MORTGAGE
MTG/IMMOBI,MORTGAGE
MTG/LSE,MORTGAGE
MTG/MIN,MORTGAGE
MTG/MOD/AG,MORTGAGE
MTG/MODIF,MORTGAGE
MTG/MODIFI,MORTGAGE
MTG/MODIFICATION,MORTGAGE
MTG/NOTE,MORTGAGE
MTG/OGM,MORTGAGE
MTG/OGN,MORTGAGE
MTG/P,MORTGAGE
MTG/PA,MORTGAGE
MTG/PLAT,MORTGAGE
MTG/PLD,MORTGAGE
MTG/PLDG,MORTGAGE
MTG/PLEDGE,MORTGAGE
MTG/PLG,MORTGAGE
MTG/PLGD,MORTGAGE
MTG/PTR,MORTGAGE
MTG/QCD,MORTGAGE
MTG/REL,MORTGAGE
MTG/RNS,MORTGAGE
MTG/RNSC,MORTGAGE
MTG/RSL,MORTGAGE
MTG/SALE,MORTGAGE
MTG/SPLM,MORTGAGE
MTG/SUBD,MORTGAGE
MTG/TMBR,MORTGAGE
MTG/TO,MORTGAGE
MTG/WAIVER,MORTGAGE
MTG`,MORTGAGE
MTGASG,MORTGAGE
MTGQ,MORTGAGE
MTL,MORTGAGE
MTL/LIEN,MORTGAGE
MTLIEN,MORTGAGE
MTR/RNSC,MORTGAGE
MYA,MORTGAGE
N,NOTICE
N AGM,NOTICE
N END,NOTICE
N OF J,NOTICE
N/,NOTICE
N//C,NOTICE
N/AGR,NOTICE
N/ALDRMN,NOTICE
N/ASG,NOTICE
N/C,NOTICE
N/CAN,NOTICE
N/CAND,NOTICE
N/CANDCY,NOTICE
N/CDNCY,NOTICE
N/CHANGE,NOTICE
N/CNDCY,NOTICE
N/LIEN,NOTICE
N/LIS,NOTICE
N/L-P/RNSC,NOTICE
N/LSE,NOTICE
N/OGM,NOTICE
N/P,NOTICE
N/PEND,NOTICE
N/PENDCY,NOTICE
N/PLAT,NOTICE
N/PUR,NOTICE
N/PURCHASE,NOTICE
N/REPO,NOTICE
N/S,NOTICE
N/SUIT,NOTICE
NAME,NAME CHANGE
NAME CHANGE,NAME CHANGE
NAME/,NAME CHANGE
NAME/AFT,NAME CHANGE
NAME/CHG,NAME CHANGE
NAME/CTF,NAME CHANGE
NATIONAL,NOTICE
NEA,NOTICE
NLP,NOTICE
NO/WORK,NO WORK AFFIDAVIT
NOT,NOTICE
NOT/,NOTICE
NOT/REINSCRIPT,NOTICE
NOT/REPO,NOTICE
NOT/REPOS,NOTICE
NOT/SEIZ,NOTICE
NOTAR/ACK,NOTARY BOND
NOTAR/ASGN,NOTARY BOND
NOTAR/BOND,NOTARY BOND
NOTARIAL,NOTARY BOND
NOTARY,NOTARY BOND
NOTARY BOND,NOTARY BOND
NOTARY/BON,NOTARY BOND
NOTARY/BOND,NOTARY BOND
NOTE,NOTICE
NOTE/AFT,NOTICE
NOTE/ASG,NOTICE
NOTE/CAN,NOTICE
NOTE/MTG,NOTICE
NOTICE,NOTICE
NOTICE & P/A,NOTICE
NOTICE OF LIS PENDENS,NOTICE
NOTICE OF PRIVILEGE,NOTICE
NOTICE OF PRIVILEGE AFT,NOTICE
NOTICE OF REPOSSESSION,NOTICE
NOTICE OF SEIZURE,NOTICE
NOTICE REPO,NOTICE
NOTICE/AFT,NOTICE
NOTICE/ASG,NOTICE
NOTICE/INT,NOTICE
NOTICE/LES,NOTICE
NOTICE/LIE,NOTICE
NOTICE/PEN,NOTICE
NOTICE/REP,NOTICE
NOTICE/REPO,NOTICE
NOTIFICATI,NOTICE 
NOTIFICATION,NOTICE
NOTPEN,NOTICE
NS,NOTICE
NTOICE,NOTICE
NULLITY,NOTICE
O,OATH OF OFFICE
O G M,OGM LEASE
O&G,OGM LEASE
O&GM,OGM LEASE
O&GS,OGM LEASE
O/  PLAT,OGM LEASE
O/G LEASE,OGM LEASE
O/G/LIQ LEASE,OGM LEASE
O/G/M LEASE,OGM LEASE
O/P,OGM LEASE
O/PLAT,OGM LEASE
O/R DEED,OGM ROYALTY
OATH,OATH OF OFFICE
OATH OF,OATH OF OFFICE
OATH/COR,OATH OF OFFICE
OATH`,OATH OF OFFICE
OATHS,OATH OF OFFICE
OCD,OGM FILING
OCD/MIN,OGM FILING
ODR,OGM
ODR/PLAT,ORDER
OFM,OGM FILING
OG&HYD,OGM FILING
OG&S,OGM FILING
OG/LEASE,OGM LEASE
OGH,OGM LEASE
OGH/ASG,OGM LEASE
OGL,OGM LEASE
OGL/LEASE,OGM LEASE
OGM,OGM LEASE
OGM &,OGM LEASE
OGM ASG,OGM LEASE
OGM EXT,OGM LEASE
OGM LEASE,OGM LEASE
OGM LIEN,OGM LEASE
OGM LSE,OGM LEASE
OGM MTG,OGM LEASE
OGM OGSL,OGM LEASE
OGM PLAT,OGM LEASE
OGM PTR,OGM LEASE
OGM REL,OGM LEASE
OGM//LEASE,OGM LEASE
OGM/AFT,OGM LEASE
OGM/AGR,OGM LEASE
OGM/AGRE,OGM LEASE
OGM/AMD,OGM LEASE
OGM/AMEND,OGM LEASE
OGM/AOI,OGM LEASE
OGM/ASG,OGM LEASE
OGM/ASGE,OGM LEASE
OGM/ASM,OGM LEASE
OGM/ASSG,OGM LEASE
OGM/COB,OGM LEASE
OGM/CONVEY,OGM LEASE
OGM/COR,OGM LEASE
OGM/CORR,OGM LEASE
OGM/D,OGM LEASE
OGM/DEED,OGM LEASE
OGM/DIS,OGM LEASE
OGM/DLN,OGM LEASE
OGM/DNL,OGM LEASE
OGM/DON,OGM LEASE
OGM/DONA,OGM LEASE
OGM/DRIL,OGM LEASE
OGM/ECXT,OGM LEASE
OGM/EXT,OGM LEASE
OGM/EXTN,OGM LEASE
OGM/INT,OGM LEASE
OGM/JDG,OGM LEASE
OGM/LEASE,OGM LEASE
OGM/LEIN,OGM LEASE
OGM/LIEN,OGM LEASE
OGM/LSE,OGM LEASE
OGM/MTG,OGM LEASE
OGM/OPT,OGM LEASE
OGM/PLAT,OGM LEASE
OGM/PLDG,OGM LEASE
OGM/PLT,OGM LEASE
OGM/POLL,OGM LEASE
OGM/POOL,OGM LEASE
OGM/PROD,OGM LEASE
OGM/PTR,OGM LEASE
OGM/QC,OGM LEASE
OGM/QCD,OGM LEASE
OGM/RAT,OGM LEASE
OGM/REL,OGM LEASE
OGM/ROW,OGM LEASE
OGM/RSL,OGM LEASE
OGM/SALE,OGM LEASE
OGM/SALT,OGM LEASE
OGM/SBL,OGM LEASE
OGM/SPLM,OGM LEASE
OGM/SUB,OGM LEASE
OGM/SUBD,OGM LEASE
OGM/TRANSF,OGM LEASE
OGM/TRSF,OGM LEASE
OGM/UNIT,OGM LEASE
OGMAOI,OGM LEASE
OGM-B/S,OGM LEASE
OGML,OGM LEASE
OGMPROD,OGM LEASE
OGN/EXT,OGM LEASE
OGS,OGM LEASE
OGS/PLAT,OGM LEASE
OHM,OGM FILING
ON,DONATION
ONERUS,NOTICE
ONROU,NOTICE
OP/AGREE,AGREEMENT
OPR/AGR,AGREEMENT
OPT,OPTION
OPT/AGR,OPTION
OPT/LEASE,OPTION
OPT/LSE,OPTION
OPT/OGM,OPTION
OPT/PLAT,OPTION
OPT/PUR,OPTION
OPT/PURC,OPTION
OPT/PURCHA,OPTION
OPT/PURS,OPTION
OPTION,OPTION
OPTION/LSE,OPTION
OPTION/OGM,OPTION
OPTION/PUR,OPTION
OPTIONS,OPTION
OPTOM-,OPTION
OPTON,OPTION
ORD,ORDER
ORD AP,ORDER
ORD/506,ORDER
ORD/JDG,JUDGMENT
ORDER,ORDER
ORDER AND JDG OF REVIVAL,JUDGMENT
ORDER/,ORDER
ORDER/AMEN,ORDER
ORDER/BOND,ORDER
ORDER/CAN,ORDER
ORDER/DIS,ORDER
ORDER/DISM,ORDER
ORDER/EXP,ORDER
ORDER/JDG,JUDGMENT
ORDER/REL,ORDER
ORDER/REVIVAL/JDG,ORDER
ORDER/WILL,ORDER
ORDIANCE,ORDINANCE
ORDIN,ORDINANCE
ORDIN-,ORDINANCE
ORDINACE,ORDINANCE
ORDINANC,ORDINANCE
ORDINANCE,ORDINANCE
ORE/MTG,MORTGAGE
ORGANIZATI,ARTICLES
ORI,OGM FILING
ORM/REL,RELEASE
ORRI/ASG,ASSIGNMENT
OTICE,NOTICE
OTP/AGR,AGREEMENT
OWNER/SP,NOTICE
P,POWER OF ATTORNEY
P&A,POWER OF ATTORNEY
P&P/,POWER OF ATTORNEY
P&R,POWER OF ATTORNEY
P.A,POWER OF ATTORNEY
P/.A,POWER OF ATTORNEY
P//A,POWER OF ATTORNEY
P/A,POWER OF ATTORNEY
P/A D,CASH SALE
P/A PLAT,POWER OF ATTORNEY
P/A REVOCA,POWER OF ATTORNEY
P/A/REVOKE,POWER OF ATTORNEY
P/A-AGR,POWER OF ATTORNEY
P/A-CAN,POWER OF ATTORNEY
P/A-LSE,POWER OF ATTORNEY
P/A-PLAT,POWER OF ATTORNEY
P/A-REVO,REVOCATION
P/A-SELL,POWER OF ATTORNEY
P/ASG,ASSIGNMENT
P/ATTY,POWER OF ATTORNEY
P/D,POWER OF ATTORNEY
P/D &,POWER OF ATTORNEY
P/D PLAT,MAP OR PLAT
P/DATION,DATION EN PAIMENT
P/DEED,NOTICE
P/DISMISSA,CANCELLATION-SINGLE
P/DLN,NOTICE
P/P,NOTICE
P/R,NOTICE
P/R JGT,PARTIAL RELEASE - SINGLE
P/R MTG,PARTIAL RELEASE - SINGLE
P/REL,RELEASE
P/RENUN,ORDER
P/RESTR,RESTRICTIONS
P/R-PLDG,PARTIAL RELEASE - SINGLE
P/S AGREE,CONTRACT
P/S-AGR,AGREEMENT
P/SBL,NOTICE
P/V,PROCES VERBAL
P/V/SALE,PROCES VERBAL
P/VERBAL,PROCES VERBAL
P?A,POWER OF ATTORNEY
PAG,POWER OF ATTORNEY
PAG DLN,MAP OR PLAT
PAG/PLAT,MAP OR PLAT
PAID UP/OG,OGM FILING
PAR,PARTITION
PARA-LE,OATH OF OFFICE
PARA-LEG,OATH OF OFFICE
PARISH,OATH OF OFFICE
PART,PARTITION
PART-,PARTITION
PART D,PARTITION
PART/,PARTITION
PART/ACCEP,PARTITION
PART/AGM,PARTITION
PART/ASG,PARTITION
PART/ASGN,PARTITION
PART/CPS,PARTITION
PART/D,PARTITION
PART/DISMI,PARTITION
PART/DIST,PARTITION
PART/DISTR,PARTITION
PART/DON,PARTITION
PART/DONAT,PARTITION
PART/EXCHG,PARTITION
PART/EXT,PARTITION
PART/LIC,PARTITION
PART/LIEN,PARTITION
PART/REL,PARTITION
PART/SALE/,PARTITION
PART/SATIS,PARTITION
PART/SHP,PARTITION
PART/TRT,PARTITION
PARTASG,PARTITION
PARTIAL PARTITION,PARTITION
PARTIAL RELEASE,PARTIAL RELEASE - SINGLE
PARTIAL/EX,PARTIAL RELEASE - SINGLE
PARTION,PARTITION
PARTITIO,PARTITION
PARTITION,PARTITION
PARTITON,PARTITION
PARTL,JUDGMENT OF POSSESSION
PARTN,AGREEMENT
PARTN-,AGREEMENT
PARTNER,AGREEMENT
PARTNER-,AGREEMENT
PARTNERS,AGREEMENT
PARTNERSHI,AGREEMENT
PARTNERSHIP REGISTRATION,OATH OF OFFICE
PARTPLAT,PARTITION
PAT,PATENT
PATENT,PATENT
PATERNITY,AFFIDAVIT
PAWN/MTG,MORTGAGE
PAYROLL,BOND
PDC,DECLARATION
PDC/PLAT,MAP OR PLAT
PDG &,PLEDGE
PDG&,PLEDGE
PEND/AMD,PLEDGE
PER,PERMIT
PERMIT,PERMIT
PET,NOTICE
PETITION,NOTICE
PETITION TO APPOINT,NOTICE
PGM/SBL,PLEDGE
PIPE/ROW,RIGHT OF WAY
PL &,MAP OR PLAT
PL OGS,MAP OR PLAT
PLAN,JUDGMENT
PLAT,MAP OR PLAT
PLAT &,MAP OR PLAT
PLAT/,MAP OR PLAT
PLAT/AGR,MAP OR PLAT
PLAT/CAB,MAP OR PLAT
PLAT/COR,MAP OR PLAT
PLAT/CTF,MAP OR PLAT
PLAT/D,MAP OR PLAT
PLAT/ORD,MAP OR PLAT
PLAT/ROW,MAP OR PLAT
PLAT-A,MAP OR PLAT
PLATAGR,MAP OR PLAT
PLATASG,MAP OR PLAT
PLAT-C,MAP OR PLAT
PLATDLC/,MAP OR PLAT
PLATOGM,MAP OR PLAT
PLATP/D,MAP OR PLAT
PLATROW,MAP OR PLAT
PLD/AGR,MAP OR PLAT
PLDG,PLEDGE
PLDG/AGR,PLEDGE
PLDG/ASG,PLEDGE
PLDG/MTG,PLEDGE
PLDG/N,PLEDGE
PLDG/NOT,PLEDGE
PLDG/OGM,PLEDGE
PLDG/PWN,PLEDGE
PLDGE,PLEDGE
PLDGE/,PLEDGE
PLEDGE,PLEDGE
PLEDGE & PAWN OF REVENUES,PLEDGE
PLEDGE/AGR,PLEDGE
PLEDGE/ASG,PLEDGE
PLEDGE/ASN,PLEDGE
PLG/RENT,PLEDGE
PLGD/RNT,PLEDGE
PLT,MAP OR PLAT
PLT PT,MAP OR PLAT
POLICE,OATH OF OFFICE
POLICE-,OATH OF OFFICE
POLICY,NOTARY BOND
POLL/LEASE,AGREEMENT
POLL/LSE,AGREEMENT
POLMAN,OATH OF OFFICE
POOL,AGREEMENT
POOL/ACS,AGREEMENT
POOL/AGR,AGREEMENT
POOL/DECLA,DECLARATION
POOL/DLN,DECLARATION
POOL/LSE,AGREEMENT
POP,PARTITION
POP CPS,PARTITION
POWER OF ATTORNEY,POWER OF ATTORNEY
POWER/,POWER OF ATTORNEY
PPA,ARTICLES
PPTR/MTG,MORTGAGE
PR ASG,ASSIGNMENT
PR/R,PARTIAL RELEASE - SINGLE
PRACTICE,OATH OF OFFICE
PREDL,LEASE
PRENUP/CNT,MARRIAGE CONTRACT
PRES SCH,BOND
PRESCRIP,AGREEMENT
PRESERV,LEASE
PRIVILEG,LIEN
PRIVILEGE,LIEN
PRL,PARTIAL RELEASE - SINGLE
PRO/REST,RESTRICTIONS
PROBATE,SUCCESSION AFFIDAVIT
PROC,PROCES VERBAL
PROCES,PROCES VERBAL
PROCLA,NOTICE
PROCLAIMAT,NOTICE
PROCLAMATION,NOTICE
PROCM,NOTICE
PROCTN,POWER OF ATTORNEY
PROCU,POWER OF ATTORNEY
PROCUR,POWER OF ATTORNEY
PROCURATIO,POWER OF ATTORNEY
PROCURATION,POWER OF ATTORNEY
PROD/PAY,NOTICE
PROFITS,NOTICE
PROMISSORY NOTE,NOTE
PROOF,PROOF OF CLAIM
PROOF OF CLAIM,PROOF OF CLAIM
PROP,COMMUNITY PROPERTY SETTLEMENT
PROT/RES,RESTRICTIONS
PROT/REST,RESTRICTIONS
PRT,PARTIAL RELEASE - SINGLE
PRT/AGR,AGREEMENT
PRT/ASGN,ASSIGNMENT
PRT/DEED,CASH SALE
PRT/MTG,MORTGAGE
PRT/REL,CANCELLATION-SINGLE
PRTCTV,RESTRICTIONS
PRTIAL,PARTIAL RELEASE - SINGLE
PRTL/MTG,MORTGAGE
PS,COMMUNITY PROPERTY SETTLEMENT
PT/ASG,ASSIGNMENT
PT/ASGN/OG,OGM FILING
PT/J,JUDGMENT
PTER,PARTIAL RELEASE - SINGLE
PTL,PARTIAL RELEASE - SINGLE
PTL ASG,ASSIGNMENT
PTN,NOTICE
PTNSHP,AGREEMENT
PTP,AGREEMENT
PTR,PARTIAL RELEASE - SINGLE
PTR ASG,ASSIGNMENT
PTR CM,PARTIAL RELEASE - SINGLE
PTR J,PARTIAL RELEASE - SINGLE
PTR MTG,PARTIAL RELEASE - SINGLE
PTR OGM,PARTIAL RELEASE - SINGLE
PTR PLAT,PARTIAL RELEASE - SINGLE
PTR ROW,PARTIAL RELEASE - SINGLE
PTR SBL,PARTIAL RELEASE - SINGLE
PTR.MTG,PARTIAL RELEASE - SINGLE
PTR/&,PARTIAL RELEASE - SINGLE
PTR/ACPT,PARTIAL RELEASE - SINGLE
PTR/AS,PARTIAL RELEASE - SINGLE
PTR/ASG,PARTIAL RELEASE - SINGLE
PTR/ASG/OG,PARTIAL RELEASE - SINGLE
PTR/ASGN,PARTIAL RELEASE - SINGLE
PTR/CAN,PARTIAL RELEASE - SINGLE
PTR/CAN/LI,PARTIAL RELEASE - SINGLE
PTR/CM,PARTIAL RELEASE - SINGLE
PTR/CNT,PARTIAL RELEASE - SINGLE
PTR/COB,PARTIAL RELEASE - SINGLE
PTR/CORR,PARTIAL RELEASE - SINGLE
PTR/DATION,PARTIAL RELEASE - SINGLE
PTR/DATN,PARTIAL RELEASE - SINGLE
PTR/FTL,PARTIAL RELEASE - SINGLE
PTR/J,PARTIAL RELEASE - SINGLE
PTR/JDG,PARTIAL RELEASE - SINGLE
PTR/L,PARTIAL RELEASE - SINGLE
PTR/LIEN,PARTIAL RELEASE - SINGLE
PTR/LSE,PARTIAL RELEASE - SINGLE
PTR/MTG,PARTIAL RELEASE - SINGLE
PTR/MTG2,PARTIAL RELEASE - SINGLE
PTR/OGM,PARTIAL RELEASE - SINGLE
PTR/PART,PARTIAL RELEASE - SINGLE
PTR/PLAT,PARTIAL RELEASE - SINGLE
PTR/QCD,PARTIAL RELEASE - SINGLE
PTR/REL,PARTIAL RELEASE - SINGLE
PTR/RENUNC,PARTIAL RELEASE - SINGLE
PTR/REVOCA,PARTIAL RELEASE - SINGLE
PTR/SUB,PARTIAL RELEASE - SINGLE
PTR/TIMBER,PARTIAL RELEASE - SINGLE
PTR/WITHDR,PARTIAL RELEASE - SINGLE
PTR-A/D,PARTIAL RELEASE - SINGLE
PUBLIC,BOND
PUR AGR,AGREEMENT
PUR/AGR,AGREEMENT
PURC/AGR,AGREEMENT
PURCH,AGREEMENT
PURCHASE,AGREEMENT
Q/D,QUIT CLAIM
QC/MIN/ROY/DEED,QUIT CLAIM
QC/OGM,QUIT CLAIM
QC/PTR,QUIT CLAIM
QC/ROY,QUIT CLAIM
QCD,QUIT CLAIM
QCD OGM,QUIT CLAIM
QCD/ASGN,QUIT CLAIM
QCD/ASSUMP,QUIT CLAIM
QCD/COR,QUIT CLAIM
QCD/DEED,QUIT CLAIM
QCD/LIEN/MTG,QUIT CLAIM
QCD/LSE,QUIT CLAIM
QCD/MIN,QUIT CLAIM
QCD/MTG,QUIT CLAIM
QCD/OGM,QUIT CLAIM
QCD/PLAT,QUIT CLAIM
QCD/REL,QUIT CLAIM
QCD/SUBD,QUIT CLAIM
QCDD,QUIT CLAIM
QT CL,QUIT CLAIM
QUALIF,NOTICE OF CANDIDACY
QUALIFY,NOTICE OF CANDIDACY
QUIT/DEED,QUIT CLAIM
QUIT/REL,QUIT CLAIM
QUITCLAIM DEED,QUIT CLAIM
QUITCLAIM DEED/LIEN/MTG,QUIT CLAIM
R D P,REDEMPTION
R/A,NOTICE
R/A AMD,AMENDMENT
R/D,NOTICE
R/D COR,CORRECTION
R/D PLAT,MAP OR PLAT
R/DEED,CASH SALE
R/FTL,TAX LIEN
R/J,RIGHT OF WAY
R/L,RIGHT OF WAY
R/W,RIGHT OF WAY
R/W AGREE,RIGHT OF WAY
R/W AGREEMENT,RIGHT OF WAY
R/W MAP,RIGHT OF WAY
RAD DISP,NOTICE
RAG,RELEASE
RAT,RATIFICATION
RAT ASG,RATIFICATION
RAT OGM,RATIFICATION
RAT/ACK/EX,RATIFICATION
RAT/ACK/OGM/LEASE,RATIFICATION
RAT/AGR,RATIFICATION
RAT/ASG,RATIFICATION
RAT/COM,RATIFICATION
RAT/COMP,RATIFICATION
RAT/CON,RATIFICATION
RAT/DEED,RATIFICATION
RAT/JDG,RATIFICATION
RAT/NOTE,RATIFICATION
RAT/O,RATIFICATION
RAT/OGM,RATIFICATION
RAT/POOL,RATIFICATION
RAT/QCD,RATIFICATION
RAT/REL,RATIFICATION
RAT/RENT,RATIFICATION
RAT/SALE,RATIFICATION
RATI/OGM,RATIFICATION
RATIF,RATIFICATION
RATIF/ACKN/AMD TO TERM ASSGN,RATIFICATION
RATIF/CORR,RATIFICATION
RATIF/OGM,RATIFICATION
RATIFI/OGM,RATIFICATION
RATIFIC,RATIFICATION
RATIFICA,RATIFICATION
RATIFICATI,RATIFICATION
RATIFICATION,RATIFICATION
RATIFICATION & INTERV/MTG,RATIFICATION
RATIFICATION & INTEV/MTG,RATIFICATION
RATIFY,RATIFICATION
RATIIFICATION & INTERVEN/MTG,RATIFICATION
RCP,RECEIPT
RD[,REDEMPTION
RDMP,REDEMPTION
RDMPTN,REDEMPTION
RDO,REDEMPTION
RDP,REDEMPTION
RDP D,REDEMPTION
RDP QCD,REDEMPTION
RDP TXD,REDEMPTION
RDP/COR,REDEMPTION
RDP/CTF,REDEMPTION
RDP/D,REDEMPTION
RDP/DEED,REDEMPTION
RDPD,REDEMPTION
RE,RELEASE
RE-,RELEASE
RE  MTG,MORTGAGE
RE EST,NOTICE
RE MTG,MORTGAGE
RE/ ASG,ASSIGNMENT
RE/ASG,ASSIGNMENT
RE/CPS,NOTICE
RE/LIEN,LIEN
REA/ASG,ASSIGNMENT
REAMORTIZA,MORTGAGE
RE-ASG,ASSIGNMENT
REASGN/OGM,OGM FILING
REASIGN,ASSIGNMENT
REASSIGN,ASSIGNMENT
REBUTTAL,NOTICE
RECEIPT,RECEIPT
RECEPT,RECEIPT
RECIP,RECEIPT
RECIPROC,OGM FILING
RECISS,CASH SALE
RECOGN,OGM FILING
RECONVEY,OGM FILING
RECORDS,OATH OF OFFICE
RECR,OATH OF OFFICE
RECREAT,OATH OF OFFICE
RED,REDEMPTION
REDEMPTION,REDEMPTION
REF/PLAT,MAP OR PLAT
REFORM,OGM FILING
REFUSAL,NOTICE
REGIST-,NOTICE
REGULATION,NOTICE
REHAB,CONTRACT
REIN,REINSCRIPTION
REIN-,REINSCRIPTION
REINS,REINSCRIPTION
REINS/MTG,REINSCRIPTION
REINSC,REINSCRIPTION
REINSCRIPT,REINSCRIPTION
REINSCRIPTION,REINSCRIPTION
REL,RELEASE
REL ASG,RELEASE
REL BOND,RELEASE
REL D/,RELEASE
REL F,RELEASE
REL FTL,RELEASE
REL J,RELEASE
REL LIEN,RELEASE
REL LN,RELEASE
REL LSE,RELEASE
REL MTG,RELEASE
REL OF,RELEASE
REL OG,RELEASE
REL OGM,RELEASE
REL PLAT,RELEASE
REL ROW,RELEASE
REL RST,RELEASE
REL SBL,RELEASE
REL SRL,RELEASE
REL SV,RELEASE
REL TXD,RELEASE
REL/,RELEASE
REL/AGM,RELEASE
REL/AGR,RELEASE
REL/AOI,RELEASE
REL/A-R,RELEASE
REL/ASG,RELEASE
REL/CAN,RELEASE
REL/CM,RELEASE
REL/CNT,RELEASE
REL/CONVEY,RELEASE
REL/COVENA,RELEASE
REL/CPS,RELEASE
REL/DEED,RELEASE
REL/DSCL,RELEASE
REL/EASE,RELEASE
REL/FTL,RELEASE
REL/J,RELEASE
REL/JDG,RELEASE
REL/LEIN,RELEASE
REL/LIEN,RELEASE
REL/LSE,RELEASE
REL/MINS,RELEASE
REL/MTG,RELEASE
REL/NOTC,RELEASE
REL/NOTE,RELEASE
REL/O&G,RELEASE
REL/O/G/LIQ,RELEASE
REL/OGM,RELEASE
REL/OGM LE,RELEASE
REL/OPT,RELEASE
REL/PLAT,RELEASE
REL/QCD,RELEASE
REL/REL,RELEASE
REL/RENUN,RELEASE
REL/RENUNC,RELEASE
REL/RENUNI,RELEASE
REL/ROW,RELEASE
REL/SALE,RELEASE
REL/SBL,RELEASE
REL/SRL,RELEASE
REL/SUBD,RELEASE
REL/TAX,RELEASE
REL/TAX LI,RELEASE
REL/TMBR,RELEASE
REL/TRT,RELEASE
REL/TX,RELEASE
REL/TXD,RELEASE
RELEAE,RELEASE
RELEASE,RELEASE
RELEASE OGM,RELEASE
RELEASE TAX LIEN,RELEASE
RELEASE/ TAX LIEN,RELEASE
RELEASE/FTL,RELEASE
RELEASE/OG,RELEASE
RELEASE/OGM,RELEASE
RELEASE/TAX LIEN,RELEASE
RELEASE2,RELEASE
RELEASES,RELEASE
REMISS,NOTICE
REN/BOND,BOND 
RENEWAL,OGM FILING
RENOU,WILL
RENOUNCE,NOTICE
RENOUNCIAT,NOTICE
RENSC/,REINSCRIPTION
RENSC/MTG,MORTGAGE
RENT,ORDER
RENT/AGR,AGREEMENT 
RENT/LSE,LEASE
RENT/O,LEASE
RENTAL,LEASE
RENU,LEASE
RENU/,NOTICE
RENUN,NOTICE
RENUN/USU,USUFRUCT
RENUN/USUF,USUFRUCT
RENUNC,NOTICE
RENUNCI,NOTICE
RENUNCIA,NOTICE
RENUNCIATI,NOTICE
RENUNCIATION,NOTICE
RENUNIATIO,NOTICE
RENUNICATI,NOTICE
RENUNICIAT,NOTICE
RENV,NOTICE
REO,NOTICE OF REPOSSESSION
REP COMM,NOTICE
REP0RT,NOTICE
REPLACEMEN,NOTICE
REPO,NOTICE OF REPOSSESSION
REPO NOTICE,NOTICE OF REPOSSESSION
REPO/NOTI CE,NOTICE OF REPOSSESSION
REPO/NOTIC,NOTICE OF REPOSSESSION
REPO/NOTICE,NOTICE OF REPOSSESSION
REPORT,NOTICE
REPOSS,NOTICE OF REPOSSESSION
REPOSSESS,NOTICE OF REPOSSESSION
REPOSSESSI,NOTICE OF REPOSSESSION
REPOSSSESS,NOTICE OF REPOSSESSION
REPUB,NOTICE OF CANDIDACY
REPUB-,NOTICE OF CANDIDACY
REQUEST,NOTICE
RES,NOTICE
RES CPS,NOTICE
RES/LSE,LEASE
RESCI,NOTICE
RESCIS,NOTICE
RESCISS,NOTICE
RESCISSION,NOTICE
RESCN,NOTICE
RESERVATIO,NOTICE
RESERVATION,NOTICE
RESERVATION OF INCOME,NOTICE
RESIG,NOTICE
RESIGN,NOTICE
RESIGNAT,NOTICE
RESIGNATIO,NOTICE
RESLTN,RESOLUTION
RESO,RESOLUTION
RESOL,RESOLUTION
RESOLTN,RESOLUTION
RESOLUTI,RESOLUTION
RESOLUTION,RESOLUTION
RESOLUTN,RESOLUTION
RESOLUTON,RESOLUTION
REST,RESTRICTIONS
REST/C,RESTRICTIONS
REST/CNT,RESTRICTIONS
REST/COV,RESTRICTIONS
REST/COVEN,RESTRICTIONS
REST/CVT,RESTRICTIONS
RESTATED,NOTICE
RESTRICT,RESTRICTIONS
RESTRICTIO,RESTRICTIONS
RESTRICTIVE USE COVENANT,RESTRICTIONS
RESUBD,RESUBDIVISION
RESULTS,NOTICE
RET/BOND,BOND
RET/REL,RELEAES
RETURN,NOTICE
RETURNS,NOTICE
REV,JUDGMENT
REV/AGR,AGREEMENT 
REV/JDG,JUDGMENT
REVD/JDG,JUDGMENT
REVISE,JUDGMENT
REVIVAL/JDG,JUDGMENT
REVIVE JUDGMENT,JUDGMENT
REVIVE/JDG,JUDGMENT
REVIVED JUDGMENT,JUDGMENT
REVO,REVOCATION
REVO/PA,REVOCATION
REVO/TRUST,REVOCATION
REVOC,REVOCATION
REVOC/PA,REVOCATION
REVOCABLE,REVOCATION
REVOCAT,REVOCATION
REVOCATION,REVOCATION
REVOCATION/AGREE,REVOCATION
REVODON,REVOCATION
REVOK/PA,REVOCATION
REVOK/TRAN,REVOCATION
REVOKE,REVOCATION
REVOKE P/A,REVOCATION
REVOKE/PA,REVOCATION
REVOKE/RW,REVOCATION
REVOKED,REVOCATION
REVOP/A,REVOCATION
REVO-P/A,REVOCATION
REV-P/A,REVOCATION
RFL,RELEASE
RHAB/CNT,CONTRACT
RIA,COMMUNITY PROPERTY SETTLEMENT
RIDER,NOTICE
RIDER/BOND,BOND
RIGHT OF FIRST REFUSAL,NOTICE
RIGHT OF LAST LOOK,NOTICE
RIGHT OF WAY,RIGHT OF WAY
RIGHT/,RIGHT OF WAY
RIGHT/REFU,NOTICE
RIGHT/USE,NOTICE
RL/MTG,MORTGAGE
RLN,RELEASE
RLS,RESOLUTION
RLS/AMD,RESOLUTION
RLTY,OGM ROYALTY
RM/DEED,OGM ROYALTY
RMSC/MTG,REINSCRIPTION
RNCB/MTG,REINSCRIPTION
RNCS/MTG,REINSCRIPTION
RNL ASG,REINSCRIPTION
RNS/MTG,REINSCRIPTION
RNSB/MTG,REINSCRIPTION
RNSC,REINSCRIPTION
RNSC /MTG,REINSCRIPTION
RNSC/,REINSCRIPTION
RNSC//MTG,REINSCRIPTION
RNSC/ASG,REINSCRIPTION
RNSC/CRS,REINSCRIPTION
RNSC/JDG,REINSCRIPTION
RNSC/LIS P,REINSCRIPTION
RNSC/MTG,REINSCRIPTION
RNSC/NOTE,REINSCRIPTION
RNSC/NOTICE,REINSCRIPTION
RNSC/NTG,REINSCRIPTION
RNSC/STL,REINSCRIPTION
RNSC/UCC,REINSCRIPTION
RNSC-A/D,REINSCRIPTION
RNSC-A/R,REINSCRIPTION
RNSCB,REINSCRIPTION
RNSCB/,REINSCRIPTION
RNSC-L/P,REINSCRIPTION
RNSCRB,REINSCRIPTION
RNSN/MTG,REINSCRIPTION
RNUN/DON,DONATION
ROAD,RIGHT OF WAY
ROE,RIGHT OF WAY
ROW,RIGHT OF WAY
ROW *,RIGHT OF WAY
ROW COR/,RIGHT OF WAY
ROW OGM,RIGHT OF WAY
ROW PLAT,RIGHT OF WAY
ROW/,RIGHT OF WAY
ROW/AGR,RIGHT OF WAY
ROW/AMD,RIGHT OF WAY
ROW/ANOD,RIGHT OF WAY
ROW/ASG,RIGHT OF WAY
ROW/CAN,RIGHT OF WAY
ROW/COR,RIGHT OF WAY
ROW/DEED,RIGHT OF WAY
ROW/OGM,RIGHT OF WAY
ROW/PLAT,RIGHT OF WAY
ROW/PLT,RIGHT OF WAY
ROW/REL,RIGHT OF WAY
ROW/ROAD,RIGHT OF WAY
ROW/ROW,RIGHT OF WAY
ROW/SRL,RIGHT OF WAY
ROY/ASG,OGM ROYALTY
ROY/CNT,OGM ROYALTY
ROY/DEED,OGM ROYALTY
ROY/DON,OGM ROYALTY
ROYAL/INT,OGM ROYALTY
ROYALTY/D,OGM ROYALTY
ROYALTY/DE,OGM ROYALTY
RPA,REVOCATION
RPP,RELEASE
RQUEST,REQUEST NOTICE SEIZE
RS/AMD,AMENDMENT
RSCB/MTG,REINSCRIPTION
RSCN/LIS P,REINSCRIPTION
RSG,ASSIGNMENT
RSL,RESOLUTION
RSL &,RESOLUTION
RSL ASG,RESOLUTION
RSL CNT,RESOLUTION
RSL OGL,RESOLUTION
RSL OGM,RESOLUTION
RSL OPT,RESOLUTION
RSL/,RESOLUTION
RSL/ACCT,RESOLUTION
RSL/AFT,RESOLUTION
RSL/AMD,RESOLUTION
RSL/ASG,RESOLUTION
RSL/COR,RESOLUTION
RSL/CTF,RESOLUTION
RSL/MEET,RESOLUTION
RSL/MINS,RESOLUTION
RSL/MTG,RESOLUTION
RSL/N/C,RESOLUTION
RSL/OGM,RESOLUTION
RSL/PLAT,RESOLUTION
RSL/SBL,RESOLUTION
RSL-P/A,RESOLUTION
RSNC,REINSCRIPTION
RSNC/JDG,REINSCRIPTION
RSNC/MTG,REINSCRIPTION
RST,RESTRICTIONS
RTF,RATIFICATION
RTF OGM,RATIFICATION
RTF P,RATIFICATION
RTF&P,RATIFICATION
RTF/MTG,RATIFICATION
RTF/OGM,RATIFICATION
RTF/PRC,RATIFICATION
RTF/PTR,RATIFICATION
RTL,RELEASE
RVC,REVOCATION
RVC DON,REVOCATION
RVC/PLAT,REVOCATION
RW,RIGHT OF WAY
RW/AGREEME,RIGHT OF WAY
RXD,TAX SALE
S,CASH SALE
S   MTG,SALE W/MORTGAGE
S & A,SALE & ASSUMPTION
S & MTG,SALE W/MORTGAGE
S MTG,SALE W/MORTGAGE
S&A,SALE & ASSUMPTION
S&AGM,SALE & ASSUMPTION
S&ASG,SALE & ASSUMPTION
S&EXC&,NOTICE
S&MTG,SALE W/MORTGAGE
S/,CASH SALE
S/  PLAT,MAP OR PLAT
S/& A/D,CASH SALE
S/A,SALE & ASSUMPTION
S/AGM,AGREEMENT 
S/AGR,AGREEMENT 
S/ASG,ASSIGNMENT
S/ASSU,SALE & ASSUMPTION
S/ASSUMP,SALE & ASSUMPTION
S/B,BOND
S/BOND,BOND
S/CM,CONTRACT
S/CM#,CONTRACT
S/COB,CONTRACT
S/D,SHERIFF SALE
S/D COR,SHERIFF SALE
S/D-COR,SHERIFF SALE
S/DEED,SHERIFF SALE
S/DEED@2,SHERIFF SALE
S/DEED`,SHERIFF SALE
S/EHD,SHERIFF SALE
S/F,SHERIFF SALE
S/I,SHERIFF SALE
S/INT,SHERIFF SALE
S/LEASE,LEASE
S/LSE,LEASE
S/M,OGM FILING
S/MIN,OGM FILING
S/MINS,OGM FILING
S/MN,OGM FILING
S/MTG,SALE W/MORTGAGE
S/NOTE,NOTICE
S/OGM,OGM FILING
S/ORDER,ORDER
S/PLAT,MAP OR PLAT
S/REL,NOTICE
S/RNUN,NOTICE
S/ROW,RIGHT OF WAY
S/S,SHERIFF SALE
SA/E/ROW,RIGHT OF WAY
SALE,CASH SALE
SALE AND MORTGAGE,SALE W/MORTGAGE
SALE N,SALE W/MORTGAGE
SALE WITH MORTGAGE,SALE W/MORTGAGE
SALE/ACK,CASH SALE
SALE/A-D,CASH SALE
SALE/AGR,AGREEMENT 
SALE/AGREE,AGREEMENT 
SALE/AOC,CORRECTION
SALE/ASG,ASSIGNMENT
SALE/ASGN,ASSIGNMENT
SALE/ASGN/LEASEHOLD/INT,CASH SALE
SALE/ASSUM,SALE & ASSUMPTION
SALE/ASSUMPTION,SALE & ASSUMPTION
SALE/CAN,CANCELLATION-SINGLE
SALE/CM,CANCELLATION-SINGLE
SALE/CNT,CONTRACT
SALE/CONV,NOTICE
SALE/COR,CORRECTION
SALE/CORR,CORRECTION
SALE/CTF,CERTIFICATE
SALE/EQ,NOTICE
SALE/INT,NOTICE
SALE/MIN,OGM FILING
SALE/MTG,SALE W/MORTGAGE
SALE/OGM,OGM FILING
SALE/PLT,NOTICE
SALE/PURCH,NOTICE
SALE/REL,NOTICE
SALE/RELEA,NOTICE
SALE/SERVI,NOTICE
SALE/TRANS,NOTICE
SALE/WEL,NOTICE
SALEL,CASH SALE
SALT/AGR,AGREEMENT 
SALT/LSE,LEASE
SAT/JDG,JUDGMENT
SAT/MTG,SALE W/MORTGAGE
SATIS,RELEASE
SATIS/JDG,JUDGMENT
SATISF,RELEASE
SATISFAC,RELEASE
SATISFACTI,RELEASE
SATISFACTION,RELEASE
SATISFY,RELEASE
SBD,SUBORDINATION
SBD/AGR,SUBORDINATION
SBD/CROP,SUBORDINATION
SBD/FTL,SUBORDINATION
SBD/JDG,SUBORDINATION
SBD/LSE,SUBORDINATION
SBD/MTG,SUBORDINATION
SBD/OGM,SUBORDINATION
SBD/REST,SUBORDINATION
SBD/RSA,SUBORDINATION
SBL,LEASE
SBL AGR,AGREEMENT 
SBL/AGR,AGREEMENT 
SBL/ASG,ASSIGNMENT
SBL/LSE,LEASE
SBL/OGM,OGM FILING
SBL/SRL,NOTICE
SBLS/,OGM FILING
SCH BD,OATH OF OFFICE
SCHE,OGM FILING
SCHED,OGM FILING
SCHL BD,OATH OF OFFICE
SCHOOL,OATH OF OFFICE
SD,SHERIFF SALE
SE,SHERIFF SALE
SE-,SHERIFF SALE
SEC AG,AGREEMENT 
SEC/AMD/CO,AMENDMENT
SEC-TREA,OATH OF OFFICE
SEC-TRES,OATH OF OFFICE
SECURITY,NOTICE
SEE ASGN 302548  LSE,ASSIGNMENT
SEE ASN 302547 LSE,ASSIGNMENT
SEI ZURE,NOTICE OF SEIZURE
SEIAZURE,NOTICE OF SEIZURE
SEIZ,NOTICE OF SEIZURE
SEIZ-,NOTICE OF SEIZURE
SEIZ/AMD,NOTICE OF SEIZURE
SEIZR,NOTICE OF SEIZURE
SEIZRE,NOTICE OF SEIZURE
SEIZURE,NOTICE OF SEIZURE
SEI-ZURE,NOTICE OF SEIZURE
SEPAR,JUDGMENT
SEPARA-,MILITARY DISCHARGE
SEQ,NOTICE
SEQ-,NOTICE
SEQST,NOTICE
SEQSTN,NOTICE
SEQUES,NOTICE
SEQUEST,NOTICE
SEQ-UEST,NOTICE
SEQUESTRA,NOTICE
SEQUESTRAT,NOTICE
SEQUET,NOTICE
SERV/AGREE,SERVITUDE
SERV/ROYAL,SERVITUDE
SERVITUD,SERVITUDE
SERVITUDE,SERVITUDE
SERVITURE,SERVITUDE
SERVTUDE,SERVITUDE
SET,SERVITUDE
SET/TRA,SERVITUDE
SETTLE,AGREEMENT 
SETTLEMENT,AGREEMENT 
SEWERAGE,NOTICE
SEZIURE,NOTICE OF SEIZURE
SG/NOTE,NOTE
SG/OGM,OGM FILING
SHERIFF,SHERIFF SALE
SHRF,SHERIFF SALE
SIDE/AGR,AGREEMENT 
SIEZ,NOTICE OF SEIZURE
SIEZR,NOTICE OF SEIZURE
SMALL SUCC,SUCCESSION AFFIDAVIT
SMALL SUCCESSION,SUCCESSION AFFIDAVIT
SMALL SUCESSION,SUCCESSION AFFIDAVIT
SMALL/SUCC,SUCCESSION AFFIDAVIT
SMTG,SALE W/MORTGAGE
SPEC/MTG,MORTGAGE
SPECIAL,MORTGAGE
SPLM,SUPPLEMENTAL
SPLM/AGR,SUPPLEMENTAL
SPLM/AMD,SUPPLEMENTAL
SPLM/ASG,SUPPLEMENTAL
SPLM/BND,SUPPLEMENTAL
SPLM/BON,SUPPLEMENTAL
SPLM/CM,SUPPLEMENTAL
SPLM/IDN,SUPPLEMENTAL
SPLM/IDV,SUPPLEMENTAL
SPLM/IND,SUPPLEMENTAL
SPLM/JDG,SUPPLEMENTAL
SPLM/J-P,SUPPLEMENTAL
SPLM/LST,SUPPLEMENTAL
SPLM/MTG,SUPPLEMENTAL
SPLM/O,SUPPLEMENTAL
SPLM/OGM,SUPPLEMENTAL
SPLM/ORD,SUPPLEMENTAL
SPLM/SBL,SUPPLEMENTAL
SRF,SUPPLEMENTAL
SRF/AGRE,NOTICE
SRF/LSE,LEASE
SRL,NOTICE
SRL AGM,NOTICE
SRL AGR,NOTICE
SRL ETC,NOTICE
SRL MTG,NOTICE
SRL/785,NOTICE
SRL/AGM,NOTICE
SRL/AGR,NOTICE
SRL/EXT,NOTICE
SRL/LSE,LEASE
SRL/PLAT,NOTICE
SRL/ROW,NOTICE
ST,TAX LIEN
ST LS,TAX LIEN
ST TAX,TAX LIEN
STAMNT,NOTICE
STATE,NOTICE
STATE-,NOTICE
STATE/LA,NOTICE
STATE/PRIV,LIEN
STATEM,LIEN
STATEMENT,LIEN
STATEMENT/PRIVILEGE,LIEN
STATEMNT,LIEN
STATMENT,LIEN
STATMNT,LIEN
STD,LIEN
STIPULAT,AGREEMENT 
STIPULATIO,AGREEMENT 
STIPULATION,AGREEMENT 
STL,TAX LIEN
STL/LIEN,TAX LIEN
STLMT,AGREEMENT 
STMENT,AGREEMENT 
STMNT,AGREEMENT 
STMT,AGREEMENT 
STOCK,AGREEMENT 
STTMNT,AGREEMENT 
SUB,SUBORDINATION
SUB LS,SUBORDINATION
SUB LSE,SUBORDINATION
SUB MG,SUBORDINATION
SUB P/A,SUBORDINATION
SUB RSL,SUBORDINATION
SUB/LSE,SUBORDINATION
SUB/MTG,SUBORDINATION
SUBD,SUBORDINATION
SUBD/,SUBORDINATION
SUBD/AGR,SUBORDINATION
SUBD/JDG,SUBORDINATION
SUBD/LSE,SUBORDINATION
SUBD/MT,SUBORDINATION
SUBD/MTG,SUBORDINATION
SUBD/OGM,SUBORDINATION
SUBDAGR,SUBORDINATION
SUBDLSE,SUBORDINATION
SUBDPTR,SUBORDINATION
SUBLEASE,SUBORDINATION
SUB-LEASE,SUBORDINATION
SUBLSE,SUBORDINATION
SUBORD,SUBORDINATION
SUBORDINA,SUBORDINATION
SUBORDINAT,SUBORDINATION
SUBORDINATION,SUBORDINATION
SUBORDINATION AGREEMENT,SUBORDINATION
SUBORDINATION/AGREE,SUBORDINATION
SUBORNATIO,SUBORDINATION
SUBROGATIO,SUBORDINATION
SUCC,AFFIDAVIT
SUCC/SMALL,AFFIDAVIT
SUCCESSION,AFFIDAVIT
SUCCESSION SMALL,AFFIDAVIT
SUIT 44925A,AFFIDAVIT
SUP OF,SUPPLEMENTAL
SUP/EXCH,SUPPLEMENTAL
SUP/IND,SUPPLEMENTAL
SUP/INDENT,SUPPLEMENTAL
SUP/MTG,SUPPLEMENTAL
SUP/TRAN,SUPPLEMENTAL
SUPER,SUPPLEMENTAL
SUPER OF,SUPPLEMENTAL
SUPERINT,SUPPLEMENTAL
SUPLMENT,SUPPLEMENTAL
SUPM/,SUPPLEMENTAL
SUPP,SUPPLEMENTAL
SUPP/,SUPPLEMENTAL
SUPP/IND,SUPPLEMENTAL
SUPP/INDEN,SUPPLEMENTAL
SUPP/JDG/POSS,SUPPLEMENTAL
SUPP/JP,SUPPLEMENTAL
SUPP/JPOSS,SUPPLEMENTAL
SUPP/MTG,SUPPLEMENTAL
SUPP/ORDER,SUPPLEMENTAL
SUPPLE,SUPPLEMENTAL
SUPPLEMENT,SUPPLEMENTAL
SUPPLEMENTAL,SUPPLEMENTAL
SUPPLEMENTAL INDENTURE,SUPPLEMENTAL
SUR,NOTICE
SUR/LSE,NOTICE
SURETY,NOTICE
SURF/LEASE,LEASE
SURRENDER,RELEASE
SVT,SERVITUDE
SVT/PASS,SERVITUDE
SWD,SERVITUDE
SYMNT,NOTICE
T/A,ADJUDICATION
T/ADJ,ADJUDICATION
T/ADJU,ADJUDICATION
T/D,TAX SALE
T/DEED,TAX SALE
T/L,TAX LIEN
TANK/LSE,LEASE
TANK/SIT,LEASE
TAX,TAX SALE
TAX /ADJUD,TAX SALE
TAX /DEED,TAX SALE
TAX /SALE,TAX SALE
TAX ADJ,ADJUDICATION
TAX ADJUCI,ADJUDICATION
TAX ADJUD,ADJUDICATION
TAX ADJUDI,ADJUDICATION
TAX COLL,TAX SALE
TAX DEED,TAX SALE
TAX LIEN,TAX SALE
TAX LN,TAX LIEN
TAX SALE,TAX SALE 
TAX/ADJ,ADJUDICATION
TAX/ADJUD,ADJUDICATION
TAX'/ADJUD,ADJUDICATION
TAX/ADJUDI,ADJUDICATION
TAX/ADN,ADJUDICATION
TAX/AJD,ADJUDICATION
TAX/CTF,TAX SALE
TAX/DEED,TAX SALE
TAX/LIEN,TAX LIEN
TAX/REL,RELEASE
TAX/S,TAX SALE
TAX/SALE,TAX SALE
TBD,CASH SALE
TBD CN,CASH SALE
TBD/DEED,CASH SALE
TBR,CASH SALE
TBR/AGREE,AGREEMENT 
TBR/ASG,ASSIGNMENT
TBR/CNT,CONTRACT
TBR/DEED,CASH SALE
TDT,NOTICE
TDX,TAX SALE
TERM,TERMINATION
TERM/AGR,TERMINATION
TERM/AGRI,TERMINATION
TERM/ASGN,TERMINATION
TERM/CNT,TERMINATION
TERM/CONVE,TERMINATION
TERM/DISTR,TERMINATION
TERM/LEASE,TERMINATION
TERM/LSE,TERMINATION
TERM/REL,TERMINATION
TERM/RELEA,TERMINATION
TERM/TRANS,TERMINATION
TERM/TRT,TERMINATION
TERMIN,TERMINATION
TERMINAT,TERMINATION
TERMINATIO,TERMINATION
TERMINATION,TERMINATION
TERMNAT,TERMINATION
TEST,TERMINATION
TEST/SHEET,NOTICE
TG,NOTICE
TIM/DEED,CASH SALE
TIMBER,NOTICE
TIMBER/D,CASH SALE
TIMBER/S,CASH SALE
TIMBERDEED,CASH SALE
TMBR/D,CASH SALE
TMBR/DED,CASH SALE
TMBR/LSE,LEASE
TMD/AGL,LEASE
TRA,TRADEMARK
TRADE,TRADEMARK
TRADE NAME,TRADEMARK
TRAN/COR,TRANSFER
TRAN/LSE,TRANSFER
TRANFER,TRANSFER
TRANS,TRANSFER
TRANS-,TRANSFER
TRANS/CONV,TRANSFER
TRANS/MIN,TRANSFER
TRANSF,TRANSFER
TRANSF/OGM,TRANSFER
TRANSFER,TRANSFER
TRANSFER ASGN CONV/OGM,TRANSFER
TRANSFER/M,TRANSFER
TRDP,TRANSFER
TRF,TRANSFER
TRF ASG,TRANSFER
TRF/ASG,TRANSFER
TRF/COB,TRANSFER
TRF/O,TRANSFER
TRM,TRANSFER
TRM/,TRANSFER
TRM/CNT,TRANSFER
TRM/DEED,TRANSFER
TRMNTN,TRANSFER
TRSF/LSE,TRANSFER
TRST/AGR,TRANSFER
TRSTE,TRANSFER
TRT/AGR,TRANSFER
TRUST,TRUST 
TRUST #1,TRUST
TRUST #2,TRUST
TRUST #3,TRUST
TRUST #4,TRUST
TRUST #5,TRUST
TRUST #6,TRUST
TRUST#1,TRUST
TRUST#2,TRUST
TRUST/AG,TRUST
TRUST/AGRE,TRUST
TRUST/DIST,TRUST
TRUST/SUMM,TRUST
TRUSTEE,TRUST
TRUSTEES QC M/R DEED,TRUST
TSL,TRUST
TTRSHP,NOTICE
TUTOR,NOTICE
TUTORSHIP,NOTICE
TUTORSHP,NOTICE
TUTRIX,NOTICE
TUTRIXSHIP,NOTICE
TX ASM,TAX SALE
TX/ ADJU,TAX SALE
TX/L,TAX SALE
TX/RDP,TAX SALE
TXA,TAX SALE
TXC,TAX SALE
TXD,TAX SALE
TXD/ADJ,TAX SALE
TXD/DEED,TAX SALE
UCC,UCC-1 
UCC FINANCING STMT,UCC-1
UCC-1,UCC-1
UCC-3,UCC-3
UNIT,AGREEMENT 
UNIT/,AGREEMENT 
UNIT/AGR,AGREEMENT 
UNITAGR,AGREEMENT 
USFR,USUFRUCT
USU,USUFRUCT
USU-,USUFRUCT
USUFRT,USUFRUCT
USUFRUCT,USUFRUCT
UUC/MTG,UCC-1
VEN/L,LIEN
VENDLIEN,LIEN
VERIFICATI,NOTICE
VERTIFICAT,NOTICE
VIDALIA,NOTICE
VIVOS,NOTICE
W#5 PL#A,NOTICE
W/ATCH,NOTICE
W/ATTACH,NOTICE
W/D,WITHDRAWAL
W/D ROW,WITHDRAWAL
W/DEED,WITHDRAWAL
W/FIFA,WITHDRAWAL
W/ORDER,WITHDRAWAL
W/PLAT,WITHDRAWAL
W/POSS,WITHDRAWAL
W/SEQ,WITHDRAWAL
W/SEQUES,WITHDRAWAL
WAIVER,WAIVER 
WAIVER/REL,WAIVER 
WAIVER/SUB,WAIVER 
WARNTY,CASH SALE
WARRANTY DEED,CASH SALE
WATERWKS,NOTICE
WD/ROW,WITHDRAWAL
WDC,WITHDRAWAL
WDEED,CASH SALE
WILL,WILL 
WILL/CODIC,WILL 
WITH-,WITHDRAWAL
WITHDRAW,WITHDRAWAL
WITHDRAWA,WITHDRAWAL
WITHDRAWAL,WITHDRAWAL
WRI/FIFA,NOTICE
WRI/SEQ,NOTICE
WRI/SEQU,NOTICE
WRI/SEQUES,NOTICE
WRIT,NOTICE
WRIT OF SEQUESTRATION,NOTICE
WRIT/,NOTICE
WRIT/AMD,AMENDMENT
WRIT/FIFA,NOTICE
WRIT/SEQ,NOTICE
WRITATT,NOTICE
WRITFIFA,NOTICE
WRITPOSS,NOTICE
WRITSEIZ,NOTICE
WTERWRKS,NOTICE
WVR,WAIVER 
XT/TRUST,TRUST
YOUTH,TRUST
CAN/GARN,CANCELLATION-SINGLE
C/LSE,CANCELLATION-SINGLE
"CAN/,MTG",CANCELLATION-SINGLE
QCD/RAT,QUIT CLAIM
CANC/SUB,CANCELLATION-SINGLE
CAN/NOTE40,CANCELLATION-SINGLE
CAN/RIGHT,CANCELLATION-SINGLE
CAN/LP,CANCELLATION-SINGLE
CAN/NNOTE,CANCELLATION-SINGLE
CAN/BONC,CANCELLATION-SINGLE
FARM/CNT,CONTRACT
CAN,CANCELLATION-SINGLE
ODR,ORDER
CAN/DEED,CANCELLATION-SINGLE
CREDIT/SAL,CREDIT SALE
CAN/NOTEE,CANCELLATION-SINGLE
CAN.NOTE,CANCELLATION-SINGLE
CAN/JG,CANCELLATION-SINGLE
CNC/AGR,CANCELLATION-SINGLE
CAN/RESTRI,CANCELLATION-SINGLE
UCC FINANCING STMT,UCC -1 FINANCING STATEMENT
CA/NOTE,CANCELLATION-SINGLE
CAN MTG,CANCELLATION-SINGLE
CAN/STATEM,CANCELLATION-SINGLE
C/BOND,CANCELLATION-SINGLE
CAN/WRIT,CANCELLATION-SINGLE
CAN/NOTE,CANCELLATION-SINGLE
CAN/RENT,CANCELLATION-SINGLE
CAN/TRUST,CANCELLATION-SINGLE
OPT/SELL,OPTION TO PURCHASE
CAN/JGD,CANCELLATION-SINGLE
CANMTG,CANCELLATION-SINGLE
DE IMMOBIL,DE-IMMOBILIZATION
CANCEL,CANCELLATION-SINGLE
CANCELLATION,CANCELLATION-SINGLE
CAN/TUTOR,RESOLUTION
ROW/RSL,CANCELLATION-SINGLE
CAN/ LIEN,CANCELLATION-SINGLE
CAN/SRL,CANCELLATION-SINGLE
CNCL,CANCELLATION-SINGLE
CAN;/NOTE,CANCELLATION-SINGLE
CNC LSE,CANCELLATION-SINGLE
RET/REL,CANCELLATION-SINGLE
CAN/NOT,CANCELLATION-SINGLE
CAN/OR/INT,CANCELLATION-SINGLE
CAN/BOND/D,CANCELLATION-SINGLE
CAN/SEIZUR,CANCELLATION-SINGLE
CANCEL/BOND,CANCELLATION-SINGLE
CNC/MTG,CANCELLATION-SINGLE
FIX/FILING,UCC-1 FIXTURE FILING
CAN/FTL,CANCELLATION-SINGLE
CAN/CRS,CANCELLATION-SINGLE
CANA/NOTE,CANCELLATION-SINGLE
CANC OF,CANCELLATION-SINGLE
CAN/MTG`,CANCELLATION-SINGLE
ACT/MTG,CANCELLATION-SINGLE
CNC F/L,CANCELLATION-SINGLE
CAN/AFT,CANCELLATION-SINGLE
CAN/NOGE,CANCELLATION-SINGLE
CNC&REL,CANCELLATION-SINGLE
CAN/EASEME,CANCELLATION-SINGLE
J/SEP,CANCELLATION-SINGLE
CAN/CLAIM,CANCELLATION-SINGLE
CAB/JDG,CANCELLATION-SINGLE
CAN/NOTE`,CANCELLATION-SINGLE
CAN/SEIZ,CANCELLATION-SINGLE
CANCL,CANCELLATION-SINGLE
CAN NOTE,CANCELLATION-SINGLE
CAN/NOE,CANCELLATION-SINGLE
L/DEED,CASH SALE
MTG/PLT,MORTGAGE
CAN/CONTRA,CANCELLATION-SINGLE
CANNOTE,CANCELLATION-SINGLE
4301992,CANCELLATION-SINGLE
ASF/CAN,ASSIGNMENT
CAN STL,CANCELLATION-SINGLE
CAN/1001,CANCELLATION-SINGLE
CAN/LIS PENDENS,CANCELLATION-SINGLE
CAN/NOT3,CANCELLATION-SINGLE
CAN/MTG,CANCELLATION-SINGLE
CAN/CM,CANCELLATION-SINGLE
CAN P/A,CANCELLATION-SINGLE
CNC &,CANCELLATION-SINGLE
PRT/REL,CANCELLATION-SINGLE
CANJDG,CANCELLATION-SINGLE
CAN/REFUSA,CANCELLATION-SINGLE
CAN/PAYMEN,CANCELLATION-SINGLE
CANC,CANCELLATION-SINGLE
CAN/ADJ,CANCELLATION-SINGLE
INTOXILYZER,NOTICE
CAN/LITEN,CANCELLATION-SINGLE
CAN/WRIT/J,CANCELLATION-SINGLE
CAN/ASN,CANCELLATION-SINGLE
MTL/REL,CANCELLATION-SINGLE
CAN/NOTE``,CANCELLATION-SINGLE
CAN//MTG,CANCELLATION-SINGLE
CAN/RNSC,CANCELLATION-SINGLE
AGR/NOTE,ASSIGNMENT
ARTICLES OF ORGANIZATION,ARTICLES
CAN/TAX/LI,CANCELLATION-SINGLE
CAFT/CAN,CANCELLATION-SINGLE
SALE/CAN,CANCELLATION-SINGLE
CAN/NAOTE,CANCELLATION-SINGLE
CAN/ NOTE,CANCELLATION-SINGLE
CANCELLATI,CANCELLATION-SINGLE
CAN/CTF,CANCELLATION-SINGLE
CNC J,CANCELLATION-SINGLE
CAN./NOTE,CANCELLATION-SINGLE
CAN/DDL,CANCELLATION-SINGLE
CAN/LIEN,CANCELLATION-SINGLE
CSN/JDG,CANCELLATION-SINGLE
CNC/LSE,CANCELLATION-SINGLE
CAN/ BOND,CANCELLATION-SINGLE
CAN/BON,CANCELLATION-SINGLE
LTD P/A,POWER OF ATTORNEY
CAN/1002,CANCELLATION-SINGLE
P/DISMISSA,CANCELLATION-SINGLE
CAN/ L/P,CANCELLATION-SINGLE
OFM/ASG,OGM FILING
PARTTION,PARTITION
CAN/AGREE,CANCELLATION-SINGLE
OGM/AAMD,OGM FILING
CANCELL,CANCELLATION-SINGLE
CAN/SALE,CANCELLATION-SINGLE
FIXTURE FILING,UCC -1 FINANCING STATEMENT
CAN/NTOE,CANCELLATION-SINGLE
UCC,UCC -1 FINANCING STATEMENT
DE/IMMOBIL,DE-IMMOBILIZATION
CAN/STL,CANCELLATION-SINGLE
CAN/JGT,CANCELLATION-SINGLE
C MTG/,CANCELLATION-SINGLE
CAN/OATHS,CANCELLATION-SINGLE
SALE/CM,CANCELLATION-SINGLE
CAN MORTG,CANCELLATION-SINGLE
5/3/2011,CANCELLATION-SINGLE
 CAN/NOTE,CANCELLATION-SINGLE
CAN/ASG/WA,CANCELLATION-SINGLE
CNC/REL,CANCELLATION-SINGLE
M/DEED,CANCELLATION-SINGLE
CAN/ASGN,CANCELLATION-SINGLE
CAN/LEIN,CANCELLATION-SINGLE
CAN/SD,CANCELLATION-SINGLE
CAN/LIEIN,CANCELLATION-SINGLE
RNSC/NOT,REINSCRIPTION
CAN/PV,CANCELLATION-SINGLE
CAN/TBR,CANCELLATION-SINGLE
8/17/2012,CANCELLATION-SINGLE
CAN//NOTE,CANCELLATION-SINGLE
CNC/S,CANCELLATION-SINGLE
CAN/PRIV,CANCELLATION-SINGLE
CAN/ MTG,CANCELLATION-SINGLE
CANCE/BOND,CANCELLATION-SINGLE
CNC/P/A,CANCELLATION-SINGLE
AFF/CAN,CANCELLATION-SINGLE
CAN/OGM,CANCELLATION-SINGLE
CAN/AGRE,CANCELLATION-SINGLE
UUC/MTG,CANCELLATION-SINGLE
CAN/ASG,CANCELLATION-SINGLE
UCC-1,UCC-1 FINANCING STATEMENT
C AN/NOTE,CANCELLATION-SINGLE
AMTZ/MTG,MORTGAGE
INTOXILYZE,NOTICE
CNC,CANCELLATION-SINGLE
C/D,CANCELLATION-SINGLE
CAN/USUFRU,CANCELLATION-SINGLE
CAN/SEIZURE,CANCELLATION-SINGLE
CAN/GARNIS,CANCELLATION-SINGLE
CAN/NOTICE,CANCELLATION-SINGLE
CAN/AGR,CANCELLATION-SINGLE
CAN/OATH,CANCELLATION-SINGLE
C/S,CANCELLATION-SINGLE
CAN/JDG,CANCELLATION-SINGLE
CAN/AGRI,CANCELLATION-SINGLE
CFT/MERGER,CFTCELLATION-SINGLE
CAN/ASGN/M,CANCELLATION-SINGLE
CAN/CNT,CANCELLATION-SINGLE
9041992,CANCELLATION-SINGLE
12/21/2010,CANCELLATION-SINGLE
CANCEL /MTG,CANCELLATION-SINGLE
CAN/PROCES,CANCELLATION-SINGLE
CAN/BOND,CANCELLATION-SINGLE
